Price,Adj Close,Close,High,Low,Open,Volume
Ticker,KLBF.JK,KLBF.JK,KLBF.JK,KLBF.JK,KLBF.JK,KLBF.JK
Date,,,,,,
2019-01-01,1353.745849609375,1520.0,1520.0,1520.0,1520.0,0
2019-01-02,1358.198974609375,1525.0,1530.0,1500.0,1525.0,5035800
2019-01-03,1371.558349609375,1540.0,1545.0,1505.0,1535.0,15603900
2019-01-04,1398.2769775390625,1570.0,1575.0,1520.0,1535.0,19765600
2019-01-07,1420.54248046875,1595.0,1610.0,1580.0,1580.0,28281300
2019-01-08,1393.8238525390625,1565.0,1595.0,1540.0,1595.0,16847400
2019-01-09,1371.558349609375,1540.0,1590.0,1540.0,1585.0,9920400
2019-01-10,1424.99560546875,1600.0,1600.0,1545.0,1550.0,32039200
2019-01-11,1442.8079833984375,1620.0,1630.0,1560.0,1610.0,25318000
2019-01-14,1438.3548583984375,1615.0,1625.0,1595.0,1605.0,25662800
2019-01-15,1456.1673583984375,1635.0,1635.0,1610.0,1615.0,14905500
2019-01-16,1447.2611083984375,1625.0,1630.0,1600.0,1625.0,20240700
2019-01-17,1433.90185546875,1610.0,1630.0,1595.0,1630.0,18529300
2019-01-18,1438.3548583984375,1615.0,1625.0,1590.0,1625.0,18565100
2019-01-21,1429.4486083984375,1605.0,1620.0,1605.0,1620.0,8777600
2019-01-22,1438.3548583984375,1615.0,1615.0,1595.0,1615.0,16694600
2019-01-23,1424.99560546875,1600.0,1610.0,1595.0,1595.0,13179200
2019-01-24,1424.99560546875,1600.0,1615.0,1600.0,1615.0,16844100
2019-01-25,1438.3548583984375,1615.0,1620.0,1595.0,1610.0,22451600
2019-01-28,1433.90185546875,1610.0,1625.0,1595.0,1615.0,34907300
2019-01-29,1433.90185546875,1610.0,1610.0,1595.0,1610.0,13322900
2019-01-30,1433.90185546875,1610.0,1610.0,1595.0,1595.0,23609500
2019-01-31,1424.99560546875,1600.0,1615.0,1600.0,1615.0,36542300
2019-02-01,1438.3548583984375,1615.0,1615.0,1595.0,1600.0,25854900
2019-02-04,1429.4486083984375,1605.0,1615.0,1600.0,1605.0,25455800
2019-02-05,1429.4486083984375,1605.0,1605.0,1605.0,1605.0,0
2019-02-06,1420.54248046875,1595.0,1610.0,1590.0,1600.0,33819200
2019-02-07,1433.90185546875,1610.0,1610.0,1600.0,1600.0,24717700
2019-02-08,1420.54248046875,1595.0,1600.0,1590.0,1600.0,12267000
2019-02-11,1420.54248046875,1595.0,1605.0,1590.0,1595.0,9189800
2019-02-12,1398.2769775390625,1570.0,1600.0,1570.0,1590.0,21731100
2019-02-13,1398.2769775390625,1570.0,1590.0,1560.0,1570.0,11236800
2019-02-14,1411.63623046875,1585.0,1590.0,1550.0,1550.0,19127000
2019-02-15,1402.72998046875,1575.0,1590.0,1550.0,1560.0,29752800
2019-02-18,1402.72998046875,1575.0,1590.0,1555.0,1580.0,31288900
2019-02-19,1380.4644775390625,1550.0,1570.0,1550.0,1570.0,17400900
2019-02-20,1376.01123046875,1545.0,1570.0,1530.0,1560.0,25303700
2019-02-21,1362.6519775390625,1530.0,1540.0,1515.0,1530.0,29788200
2019-02-22,1344.839599609375,1510.0,1525.0,1500.0,1515.0,34067200
2019-02-25,1340.3865966796875,1505.0,1515.0,1500.0,1510.0,33020800
2019-02-26,1340.3865966796875,1505.0,1510.0,1500.0,1505.0,33464200
2019-02-27,1353.745849609375,1520.0,1535.0,1510.0,1510.0,13616000
2019-02-28,1331.4803466796875,1495.0,1535.0,1480.0,1525.0,46482400
2019-03-01,1371.558349609375,1540.0,1540.0,1500.0,1510.0,13025800
2019-03-04,1349.292724609375,1515.0,1545.0,1515.0,1540.0,17738800
2019-03-05,1340.3865966796875,1505.0,1525.0,1495.0,1525.0,10501300
2019-03-06,1344.839599609375,1510.0,1525.0,1490.0,1525.0,10222000
2019-03-07,1344.839599609375,1510.0,1510.0,1510.0,1510.0,0
2019-03-08,1358.198974609375,1525.0,1525.0,1490.0,1490.0,13406000
2019-03-11,1353.745849609375,1520.0,1530.0,1515.0,1520.0,5657800
2019-03-12,1335.9334716796875,1500.0,1525.0,1495.0,1500.0,8441800
2019-03-13,1340.3865966796875,1505.0,1530.0,1495.0,1520.0,3102900
2019-03-14,1335.9334716796875,1500.0,1510.0,1495.0,1500.0,10924400
2019-03-15,1376.01123046875,1545.0,1550.0,1510.0,1525.0,16407600
2019-03-18,1376.01123046875,1545.0,1570.0,1530.0,1555.0,4608300
2019-03-19,1384.9176025390625,1555.0,1560.0,1540.0,1560.0,3338000
2019-03-20,1353.745849609375,1520.0,1550.0,1510.0,1545.0,8387600
2019-03-21,1340.3865966796875,1505.0,1540.0,1505.0,1525.0,8730400
2019-03-22,1344.839599609375,1510.0,1520.0,1505.0,1505.0,5230200
2019-03-25,1340.3865966796875,1505.0,1530.0,1500.0,1500.0,11404500
2019-03-26,1349.292724609375,1515.0,1530.0,1500.0,1530.0,6829100
2019-03-27,1349.292724609375,1515.0,1520.0,1510.0,1520.0,4645500
2019-03-28,1353.745849609375,1520.0,1525.0,1510.0,1515.0,3251300
2019-03-29,1353.745849609375,1520.0,1535.0,1510.0,1535.0,7590100
2019-04-01,1327.027099609375,1490.0,1530.0,1485.0,1520.0,7441700
2019-04-02,1344.839599609375,1510.0,1520.0,1490.0,1495.0,4543700
2019-04-03,1344.839599609375,1510.0,1510.0,1510.0,1510.0,0
2019-04-04,1367.1051025390625,1535.0,1540.0,1520.0,1530.0,6032500
2019-04-05,1344.839599609375,1510.0,1540.0,1505.0,1540.0,5363700
2019-04-08,1353.745849609375,1520.0,1520.0,1500.0,1520.0,6588200
2019-04-09,1362.6519775390625,1530.0,1530.0,1510.0,1515.0,6242500
2019-04-10,1358.198974609375,1525.0,1540.0,1515.0,1540.0,6300600
2019-04-11,1349.292724609375,1515.0,1535.0,1515.0,1535.0,4779500
2019-04-12,1335.9334716796875,1500.0,1515.0,1490.0,1515.0,26667100
2019-04-15,1331.4803466796875,1495.0,1505.0,1490.0,1495.0,29657600
2019-04-16,1331.4803466796875,1495.0,1500.0,1490.0,1495.0,16842400
2019-04-17,1331.4803466796875,1495.0,1495.0,1495.0,1495.0,0
2019-04-18,1331.4803466796875,1495.0,1535.0,1485.0,1530.0,38798400
2019-04-19,1331.4803466796875,1495.0,1495.0,1495.0,1495.0,0
2019-04-22,1318.1207275390625,1480.0,1500.0,1480.0,1495.0,18126300
2019-04-23,1335.9334716796875,1500.0,1510.0,1485.0,1485.0,15935500
2019-04-24,1344.839599609375,1510.0,1515.0,1490.0,1500.0,9784600
2019-04-25,1309.2147216796875,1470.0,1515.0,1470.0,1510.0,27010100
2019-04-26,1349.292724609375,1515.0,1515.0,1470.0,1470.0,11807000
2019-04-29,1335.9334716796875,1500.0,1515.0,1500.0,1505.0,8461500
2019-04-30,1376.01123046875,1545.0,1545.0,1500.0,1500.0,43375800
2019-05-01,1376.01123046875,1545.0,1545.0,1545.0,1545.0,0
2019-05-02,1344.839599609375,1510.0,1535.0,1475.0,1535.0,55555500
2019-05-03,1331.4803466796875,1495.0,1515.0,1470.0,1510.0,27461400
2019-05-06,1313.6678466796875,1475.0,1485.0,1460.0,1470.0,28357200
2019-05-07,1335.9334716796875,1500.0,1500.0,1470.0,1485.0,12350500
2019-05-08,1335.9334716796875,1500.0,1500.0,1475.0,1475.0,17486600
2019-05-09,1300.3084716796875,1460.0,1485.0,1460.0,1470.0,34466900
2019-05-10,1286.94921875,1445.0,1480.0,1445.0,1450.0,23369200
2019-05-13,1282.49609375,1440.0,1470.0,1440.0,1470.0,25711300
2019-05-14,1237.96484375,1390.0,1435.0,1390.0,1430.0,31724800
2019-05-15,1202.3399658203125,1350.0,1395.0,1340.0,1390.0,29428800
2019-05-16,1153.355712890625,1295.0,1350.0,1295.0,1340.0,26297800
2019-05-17,1122.1839599609375,1260.0,1310.0,1260.0,1290.0,33258400
2019-05-20,1184.527587890625,1330.0,1360.0,1280.0,1280.0,24935600
2019-05-21,1193.4337158203125,1340.0,1390.0,1325.0,1325.0,12531500
2019-05-22,1180.074462890625,1325.0,1340.0,1320.0,1335.0,9887200
2019-05-23,1193.4337158203125,1340.0,1340.0,1320.0,1325.0,14773900
2019-05-24,1197.886962890625,1345.0,1370.0,1335.0,1340.0,10313000
2019-05-27,1197.886962890625,1345.0,1395.0,1345.0,1370.0,17398400
2019-05-28,1211.2462158203125,1360.0,1370.0,1340.0,1370.0,65365400
2019-05-29,1206.7930908203125,1355.0,1365.0,1320.0,1365.0,29183800
2019-05-30,1206.7930908203125,1355.0,1355.0,1355.0,1355.0,0
2019-05-31,1251.32421875,1405.0,1410.0,1360.0,1360.0,47925100
2019-06-03,1251.32421875,1405.0,1405.0,1405.0,1405.0,0
2019-06-04,1251.32421875,1405.0,1405.0,1405.0,1405.0,0
2019-06-05,1251.32421875,1405.0,1405.0,1405.0,1405.0,0
2019-06-06,1251.32421875,1405.0,1405.0,1405.0,1405.0,0
2019-06-07,1251.32421875,1405.0,1405.0,1405.0,1405.0,0
2019-06-10,1315.7506103515625,1450.0,1450.0,1405.0,1410.0,18929100
2019-06-11,1324.8248291015625,1460.0,1465.0,1415.0,1425.0,15553200
2019-06-12,1315.7506103515625,1450.0,1460.0,1430.0,1430.0,13802100
2019-06-13,1306.676513671875,1440.0,1450.0,1435.0,1445.0,18236400
2019-06-14,1356.5843505859375,1495.0,1495.0,1435.0,1455.0,13729000
2019-06-17,1270.3798828125,1400.0,1495.0,1400.0,1490.0,8921600
2019-06-18,1333.89892578125,1470.0,1480.0,1415.0,1430.0,25368700
2019-06-19,1342.9730224609375,1480.0,1480.0,1450.0,1470.0,30480000
2019-06-20,1333.89892578125,1470.0,1475.0,1455.0,1475.0,23322700
2019-06-21,1320.2877197265625,1455.0,1470.0,1435.0,1470.0,57082300
2019-06-24,1329.3619384765625,1465.0,1465.0,1445.0,1450.0,5649800
2019-06-25,1342.9730224609375,1480.0,1480.0,1460.0,1470.0,8008100
2019-06-26,1333.89892578125,1470.0,1480.0,1455.0,1475.0,8889400
2019-06-27,1320.2877197265625,1455.0,1475.0,1445.0,1475.0,13759800
2019-06-28,1324.8248291015625,1460.0,1475.0,1440.0,1455.0,14398600
2019-07-01,1315.7506103515625,1450.0,1470.0,1445.0,1465.0,7220600
2019-07-02,1315.7506103515625,1450.0,1470.0,1440.0,1470.0,17786600
2019-07-03,1311.213623046875,1445.0,1470.0,1435.0,1460.0,14890400
2019-07-04,1306.676513671875,1440.0,1460.0,1430.0,1435.0,16376300
2019-07-05,1306.676513671875,1440.0,1455.0,1425.0,1440.0,14993200
2019-07-08,1302.139404296875,1435.0,1440.0,1425.0,1440.0,7463400
2019-07-09,1315.7506103515625,1450.0,1450.0,1425.0,1435.0,14935100
2019-07-10,1329.3619384765625,1465.0,1465.0,1425.0,1450.0,16001800
2019-07-11,1306.676513671875,1440.0,1470.0,1430.0,1470.0,9454900
2019-07-12,1243.1573486328125,1370.0,1440.0,1360.0,1440.0,26107600
2019-07-15,1324.8248291015625,1460.0,1460.0,1385.0,1395.0,23010300
2019-07-16,1302.139404296875,1435.0,1460.0,1425.0,1460.0,9421700
2019-07-17,1320.2877197265625,1455.0,1460.0,1430.0,1455.0,10614000
2019-07-18,1338.4361572265625,1475.0,1480.0,1450.0,1460.0,21017200
2019-07-19,1352.0472412109375,1490.0,1495.0,1475.0,1480.0,19603700
2019-07-22,1347.5101318359375,1485.0,1490.0,1470.0,1490.0,10416800
2019-07-23,1333.89892578125,1470.0,1490.0,1450.0,1485.0,8203100
2019-07-24,1306.676513671875,1440.0,1480.0,1440.0,1440.0,9584900
2019-07-25,1338.4361572265625,1475.0,1475.0,1440.0,1440.0,17168100
2019-07-26,1315.7506103515625,1450.0,1480.0,1445.0,1475.0,21710600
2019-07-29,1324.8248291015625,1460.0,1465.0,1430.0,1450.0,14182700
2019-07-30,1324.8248291015625,1460.0,1465.0,1445.0,1460.0,12891400
2019-07-31,1333.89892578125,1470.0,1480.0,1440.0,1470.0,49488800
2019-08-01,1347.5101318359375,1485.0,1485.0,1455.0,1470.0,27669200
2019-08-02,1320.2877197265625,1455.0,1485.0,1425.0,1485.0,25023300
2019-08-05,1279.4541015625,1410.0,1460.0,1400.0,1445.0,37991300
2019-08-06,1256.768798828125,1385.0,1405.0,1360.0,1400.0,34883400
2019-08-07,1297.6025390625,1430.0,1455.0,1380.0,1390.0,31772500
2019-08-08,1283.9910888671875,1415.0,1460.0,1415.0,1460.0,34351700
2019-08-09,1306.676513671875,1440.0,1450.0,1420.0,1430.0,24758900
2019-08-12,1329.3619384765625,1465.0,1470.0,1435.0,1450.0,22342100
2019-08-13,1324.8248291015625,1460.0,1470.0,1435.0,1465.0,25253000
2019-08-14,1342.9730224609375,1480.0,1480.0,1455.0,1470.0,26353100
2019-08-15,1352.0472412109375,1490.0,1490.0,1450.0,1460.0,24390000
2019-08-16,1370.195556640625,1510.0,1510.0,1480.0,1490.0,37517100
2019-08-19,1420.103271484375,1565.0,1585.0,1515.0,1515.0,78866000
2019-08-20,1424.640380859375,1570.0,1580.0,1555.0,1565.0,68933500
2019-08-21,1429.177490234375,1575.0,1585.0,1555.0,1570.0,44922900
2019-08-22,1474.5482177734375,1625.0,1645.0,1575.0,1575.0,75268000
2019-08-23,1470.0111083984375,1620.0,1630.0,1575.0,1630.0,23525700
2019-08-26,1470.0111083984375,1620.0,1625.0,1525.0,1615.0,26232000
2019-08-27,1474.5482177734375,1625.0,1625.0,1610.0,1620.0,81110000
2019-08-28,1501.7706298828125,1655.0,1655.0,1625.0,1625.0,85445900
2019-08-29,1515.3817138671875,1670.0,1680.0,1655.0,1660.0,46905600
2019-08-30,1533.530029296875,1690.0,1690.0,1670.0,1680.0,79928200
2019-09-02,1519.9188232421875,1675.0,1690.0,1635.0,1680.0,25346000
2019-09-03,1497.2335205078125,1650.0,1660.0,1640.0,1655.0,23714900
2019-09-04,1506.3076171875,1660.0,1660.0,1650.0,1655.0,21149800
2019-09-05,1515.3817138671875,1670.0,1680.0,1640.0,1660.0,42419800
2019-09-06,1519.9188232421875,1675.0,1680.0,1670.0,1680.0,15630900
2019-09-09,1519.9188232421875,1675.0,1685.0,1665.0,1680.0,16638800
2019-09-10,1524.4559326171875,1680.0,1680.0,1670.0,1675.0,20762000
2019-09-11,1524.4559326171875,1680.0,1680.0,1645.0,1680.0,32795700
2019-09-12,1533.530029296875,1690.0,1690.0,1640.0,1680.0,18908500
2019-09-13,1524.4559326171875,1680.0,1690.0,1655.0,1680.0,6903700
2019-09-16,1524.4559326171875,1680.0,1680.0,1635.0,1655.0,26976900
2019-09-17,1524.4559326171875,1680.0,1680.0,1665.0,1675.0,23823500
2019-09-18,1524.4559326171875,1680.0,1680.0,1670.0,1675.0,33115300
2019-09-19,1524.4559326171875,1680.0,1690.0,1675.0,1680.0,57726800
2019-09-20,1510.8448486328125,1665.0,1675.0,1640.0,1670.0,50429400
2019-09-23,1510.8448486328125,1665.0,1665.0,1660.0,1660.0,16192600
2019-09-24,1506.3076171875,1660.0,1670.0,1655.0,1665.0,30151800
2019-09-25,1515.3817138671875,1670.0,1675.0,1650.0,1660.0,15618200
2019-09-26,1515.3817138671875,1670.0,1675.0,1660.0,1670.0,24797500
2019-09-27,1519.9188232421875,1675.0,1680.0,1665.0,1680.0,19302200
2019-09-30,1519.9188232421875,1675.0,1680.0,1665.0,1665.0,31366800
2019-10-01,1519.9188232421875,1675.0,1675.0,1650.0,1650.0,6910000
2019-10-02,1515.3817138671875,1670.0,1680.0,1660.0,1660.0,9516000
2019-10-03,1497.2335205078125,1650.0,1660.0,1630.0,1640.0,11511300
2019-10-04,1497.2335205078125,1650.0,1655.0,1635.0,1655.0,19488200
2019-10-07,1479.085205078125,1630.0,1655.0,1620.0,1650.0,19631800
2019-10-08,1506.3076171875,1660.0,1660.0,1635.0,1640.0,22399600
2019-10-09,1497.2335205078125,1650.0,1665.0,1650.0,1650.0,16388100
2019-10-10,1497.2335205078125,1650.0,1660.0,1635.0,1635.0,7200500
2019-10-11,1506.3076171875,1660.0,1660.0,1650.0,1655.0,4397400
2019-10-14,1515.3817138671875,1670.0,1675.0,1645.0,1645.0,7028700
2019-10-15,1506.3076171875,1660.0,1660.0,1625.0,1660.0,20787700
2019-10-16,1501.7706298828125,1655.0,1670.0,1645.0,1660.0,75947300
2019-10-17,1501.7706298828125,1655.0,1660.0,1650.0,1660.0,13880800
2019-10-18,1474.5482177734375,1625.0,1650.0,1580.0,1645.0,14812700
2019-10-21,1483.6221923828125,1635.0,1645.0,1605.0,1645.0,19021000
2019-10-22,1479.085205078125,1630.0,1645.0,1615.0,1645.0,30314200
2019-10-23,1460.9368896484375,1610.0,1630.0,1590.0,1605.0,27558200
2019-10-24,1465.4739990234375,1615.0,1615.0,1595.0,1610.0,35382900
2019-10-25,1424.640380859375,1570.0,1615.0,1560.0,1615.0,32521500
2019-10-28,1456.39990234375,1605.0,1615.0,1570.0,1570.0,31786900
2019-10-29,1483.6221923828125,1635.0,1640.0,1600.0,1600.0,29620400
2019-10-30,1492.6964111328125,1645.0,1650.0,1640.0,1650.0,30054100
2019-10-31,1447.32568359375,1595.0,1660.0,1565.0,1655.0,32757600
2019-11-01,1474.5482177734375,1625.0,1640.0,1595.0,1595.0,22218400
2019-11-04,1406.4921875,1550.0,1640.0,1550.0,1640.0,23333900
2019-11-05,1460.9368896484375,1610.0,1610.0,1560.0,1580.0,30704900
2019-11-06,1451.86279296875,1600.0,1600.0,1550.0,1550.0,12598100
2019-11-07,1438.251708984375,1585.0,1640.0,1575.0,1640.0,21063300
2019-11-08,1438.251708984375,1585.0,1600.0,1565.0,1585.0,20392100
2019-11-11,1411.0291748046875,1555.0,1610.0,1505.0,1555.0,35561600
2019-11-12,1406.4921875,1550.0,1565.0,1525.0,1545.0,27976700
2019-11-13,1379.2696533203125,1520.0,1555.0,1515.0,1550.0,28837900
2019-11-14,1370.195556640625,1510.0,1530.0,1505.0,1510.0,15455400
2019-11-15,1370.195556640625,1510.0,1540.0,1500.0,1530.0,11801400
2019-11-18,1370.195556640625,1510.0,1530.0,1490.0,1510.0,16541100
2019-11-19,1379.2696533203125,1520.0,1520.0,1500.0,1505.0,14736200
2019-11-20,1383.806640625,1525.0,1540.0,1495.0,1500.0,12690800
2019-11-21,1383.806640625,1525.0,1530.0,1505.0,1510.0,13558000
2019-11-22,1374.732421875,1515.0,1530.0,1510.0,1530.0,11006000
2019-11-25,1374.732421875,1515.0,1525.0,1500.0,1505.0,21121300
2019-11-26,1388.34375,1530.0,1550.0,1510.0,1550.0,73213700
2019-11-27,1374.732421875,1515.0,1530.0,1510.0,1525.0,27995500
2019-11-28,1347.5101318359375,1485.0,1515.0,1480.0,1510.0,19711500
2019-11-29,1383.806640625,1525.0,1535.0,1475.0,1475.0,16931000
2019-12-02,1424.640380859375,1570.0,1570.0,1525.0,1535.0,16641700
2019-12-03,1451.86279296875,1600.0,1600.0,1555.0,1560.0,16227300
2019-12-04,1424.640380859375,1570.0,1590.0,1560.0,1590.0,16765000
2019-12-05,1420.103271484375,1565.0,1565.0,1550.0,1555.0,9809000
2019-12-06,1424.640380859375,1570.0,1590.0,1550.0,1550.0,26183300
2019-12-09,1420.103271484375,1565.0,1580.0,1555.0,1570.0,11019400
2019-12-10,1424.640380859375,1570.0,1590.0,1555.0,1555.0,9935300
2019-12-11,1420.103271484375,1565.0,1590.0,1555.0,1590.0,17872900
2019-12-12,1424.640380859375,1570.0,1590.0,1545.0,1550.0,26446200
2019-12-13,1451.86279296875,1600.0,1600.0,1575.0,1600.0,18588700
2019-12-16,1429.177490234375,1575.0,1610.0,1565.0,1605.0,16279800
2019-12-17,1483.6221923828125,1635.0,1635.0,1555.0,1585.0,46622200
2019-12-18,1483.6221923828125,1635.0,1635.0,1610.0,1635.0,42302800
2019-12-19,1460.9368896484375,1610.0,1635.0,1590.0,1635.0,16402600
2019-12-20,1460.9368896484375,1610.0,1630.0,1590.0,1590.0,40962600
2019-12-23,1474.5482177734375,1625.0,1640.0,1600.0,1625.0,30143000
2019-12-26,1447.32568359375,1595.0,1620.0,1580.0,1600.0,14648500
2019-12-27,1465.4739990234375,1615.0,1615.0,1575.0,1595.0,8196900
2019-12-30,1470.0111083984375,1620.0,1620.0,1590.0,1600.0,14635200
2020-01-02,1465.4739990234375,1615.0,1635.0,1600.0,1620.0,14075700
2020-01-03,1483.6221923828125,1635.0,1635.0,1610.0,1620.0,20606000
2020-01-06,1488.159423828125,1640.0,1640.0,1615.0,1630.0,10231400
2020-01-07,1483.6221923828125,1635.0,1635.0,1600.0,1635.0,17153100
2020-01-08,1438.251708984375,1585.0,1615.0,1585.0,1595.0,11666700
2020-01-09,1451.86279296875,1600.0,1600.0,1570.0,1585.0,13555900
2020-01-10,1451.86279296875,1600.0,1615.0,1580.0,1600.0,15949700
2020-01-13,1451.86279296875,1600.0,1615.0,1590.0,1590.0,12854000
2020-01-14,1438.251708984375,1585.0,1610.0,1565.0,1610.0,24032800
2020-01-15,1433.7144775390625,1580.0,1590.0,1560.0,1585.0,23321300
2020-01-16,1510.8448486328125,1665.0,1680.0,1565.0,1585.0,29672400
2020-01-17,1465.4739990234375,1615.0,1665.0,1600.0,1665.0,26629600
2020-01-20,1470.0111083984375,1620.0,1635.0,1580.0,1615.0,8492800
2020-01-21,1460.9368896484375,1610.0,1635.0,1605.0,1630.0,4057400
2020-01-22,1442.7886962890625,1590.0,1620.0,1570.0,1610.0,12417900
2020-01-23,1429.177490234375,1575.0,1590.0,1555.0,1590.0,14530800
2020-01-24,1397.4180908203125,1540.0,1570.0,1540.0,1560.0,13044800
2020-01-27,1379.2696533203125,1520.0,1560.0,1510.0,1540.0,10525000
2020-01-28,1361.121337890625,1500.0,1520.0,1485.0,1520.0,15578300
2020-01-29,1383.806640625,1525.0,1535.0,1490.0,1505.0,12069700
2020-01-30,1374.732421875,1515.0,1545.0,1510.0,1525.0,12903500
2020-01-31,1297.6025390625,1430.0,1535.0,1430.0,1535.0,36468300
2020-02-03,1333.89892578125,1470.0,1485.0,1410.0,1410.0,15229400
2020-02-04,1342.9730224609375,1480.0,1490.0,1470.0,1480.0,16757500
2020-02-05,1347.5101318359375,1485.0,1485.0,1470.0,1480.0,14550100
2020-02-06,1324.8248291015625,1460.0,1485.0,1455.0,1485.0,16990900
2020-02-07,1333.89892578125,1470.0,1485.0,1460.0,1460.0,12388300
2020-02-10,1342.9730224609375,1480.0,1485.0,1450.0,1485.0,16341600
2020-02-11,1324.8248291015625,1460.0,1480.0,1450.0,1480.0,6665900
2020-02-12,1279.4541015625,1410.0,1450.0,1405.0,1450.0,40079300
2020-02-13,1243.1573486328125,1370.0,1410.0,1360.0,1410.0,29853100
2020-02-14,1261.3057861328125,1390.0,1400.0,1360.0,1370.0,10208800
2020-02-17,1261.3057861328125,1390.0,1405.0,1375.0,1390.0,5852800
2020-02-18,1265.843017578125,1395.0,1475.0,1390.0,1390.0,22990100
2020-02-19,1302.139404296875,1435.0,1455.0,1400.0,1400.0,13279400
2020-02-20,1288.5281982421875,1420.0,1465.0,1400.0,1450.0,13565400
2020-02-21,1238.6204833984375,1365.0,1425.0,1365.0,1420.0,30858700
2020-02-24,1229.5462646484375,1355.0,1390.0,1340.0,1360.0,21385300
2020-02-25,1175.1014404296875,1295.0,1400.0,1295.0,1340.0,23418400
2020-02-26,1166.02734375,1285.0,1330.0,1270.0,1290.0,47271500
2020-02-27,1134.267822265625,1250.0,1295.0,1210.0,1290.0,39329700
2020-02-28,1107.04541015625,1220.0,1225.0,1175.0,1215.0,44307700
2020-03-02,1084.360107421875,1195.0,1265.0,1185.0,1220.0,31720700
2020-03-03,1097.97119140625,1210.0,1235.0,1205.0,1215.0,34175900
2020-03-04,1156.953125,1275.0,1290.0,1210.0,1210.0,30659400
2020-03-05,1206.8609619140625,1330.0,1340.0,1295.0,1300.0,38274500
2020-03-06,1120.6566162109375,1235.0,1325.0,1235.0,1325.0,25366200
2020-03-09,1034.4522705078125,1140.0,1220.0,1140.0,1220.0,48812000
2020-03-10,1048.0634765625,1155.0,1210.0,1145.0,1145.0,38897600
2020-03-11,1011.766845703125,1115.0,1180.0,1100.0,1165.0,35408000
2020-03-12,948.247802734375,1045.0,1085.0,1040.0,1080.0,23037600
2020-03-13,948.247802734375,1045.0,1045.0,1045.0,1045.0,0
2020-03-16,907.4142456054688,1000.0,1125.0,995.0,1020.0,59267400
2020-03-17,902.877197265625,995.0,1045.0,955.0,1015.0,72013900
2020-03-18,948.247802734375,1045.0,1080.0,1000.0,1005.0,56301900
2020-03-19,884.7288818359375,975.0,1055.0,975.0,1000.0,40775100
2020-03-20,889.2659912109375,980.0,990.0,915.0,975.0,83889600
2020-03-23,830.2840576171875,915.0,980.0,915.0,980.0,40907000
2020-03-24,784.913330078125,865.0,950.0,855.0,925.0,64666100
2020-03-26,862.04345703125,950.0,1025.0,830.0,870.0,114141000
2020-03-27,916.4884643554688,1010.0,1160.0,960.0,960.0,180228800
2020-03-30,948.247802734375,1045.0,1055.0,940.0,1010.0,59372100
2020-03-31,1088.8970947265625,1200.0,1235.0,1055.0,1055.0,104586800
2020-04-01,1057.1375732421875,1165.0,1290.0,1150.0,1200.0,111236300
2020-04-02,1166.02734375,1285.0,1285.0,1110.0,1200.0,63583600
2020-04-03,1134.267822265625,1250.0,1300.0,1230.0,1290.0,59542900
2020-04-06,1152.4161376953125,1270.0,1290.0,1225.0,1290.0,35382900
2020-04-07,1116.1195068359375,1230.0,1310.0,1190.0,1275.0,68562800
2020-04-08,1038.9892578125,1145.0,1230.0,1145.0,1230.0,57568300
2020-04-09,1034.4522705078125,1140.0,1175.0,1085.0,1145.0,58108500
2020-04-13,998.1557006835938,1100.0,1165.0,1100.0,1140.0,39794600
2020-04-14,1075.285888671875,1185.0,1190.0,1110.0,1110.0,42772000
2020-04-15,1097.97119140625,1210.0,1245.0,1185.0,1200.0,50981100
2020-04-16,1038.9892578125,1145.0,1210.0,1135.0,1190.0,42548300
2020-04-17,1084.360107421875,1195.0,1210.0,1170.0,1170.0,70564600
2020-04-20,1088.8970947265625,1200.0,1235.0,1185.0,1200.0,44882900
2020-04-21,1097.97119140625,1210.0,1225.0,1155.0,1195.0,34694200
2020-04-22,1134.267822265625,1250.0,1290.0,1180.0,1210.0,66130900
2020-04-23,1147.8790283203125,1265.0,1285.0,1230.0,1265.0,51439800
2020-04-24,1138.804931640625,1255.0,1265.0,1245.0,1250.0,43175900
2020-04-27,1206.8609619140625,1330.0,1330.0,1255.0,1275.0,38936000
2020-04-28,1311.213623046875,1445.0,1445.0,1320.0,1345.0,61167100
2020-04-29,1333.89892578125,1470.0,1480.0,1445.0,1450.0,52010200
2020-04-30,1306.676513671875,1440.0,1500.0,1415.0,1470.0,53666000
2020-05-04,1252.231689453125,1380.0,1425.0,1350.0,1400.0,46895400
2020-05-05,1234.0833740234375,1360.0,1420.0,1355.0,1405.0,17606400
2020-05-06,1274.9169921875,1405.0,1415.0,1360.0,1380.0,55190700
2020-05-08,1270.3798828125,1400.0,1440.0,1380.0,1405.0,37146000
2020-05-11,1256.768798828125,1385.0,1415.0,1385.0,1410.0,33331300
2020-05-12,1256.768798828125,1385.0,1420.0,1360.0,1385.0,30687000
2020-05-13,1270.3798828125,1400.0,1405.0,1355.0,1400.0,20203800
2020-05-14,1270.3798828125,1400.0,1400.0,1370.0,1400.0,35697000
2020-05-15,1270.3798828125,1400.0,1400.0,1370.0,1400.0,25213800
2020-05-18,1270.3798828125,1400.0,1400.0,1380.0,1400.0,17406600
2020-05-19,1261.3057861328125,1390.0,1405.0,1380.0,1400.0,38331600
2020-05-20,1215.93505859375,1340.0,1400.0,1315.0,1400.0,50884000
2020-05-26,1202.32373046875,1325.0,1360.0,1320.0,1355.0,35300400
2020-05-27,1197.7869873046875,1320.0,1340.0,1310.0,1330.0,22108500
2020-05-28,1229.5462646484375,1355.0,1365.0,1315.0,1340.0,35733300
2020-05-29,1283.9910888671875,1415.0,1460.0,1355.0,1360.0,206001100
2020-06-02,1274.7869873046875,1385.0,1425.0,1320.0,1365.0,63506700
2020-06-03,1302.399658203125,1415.0,1425.0,1385.0,1395.0,62660000
2020-06-04,1297.797607421875,1410.0,1440.0,1400.0,1440.0,34757300
2020-06-05,1297.797607421875,1410.0,1430.0,1385.0,1410.0,22870400
2020-06-08,1311.6038818359375,1425.0,1440.0,1415.0,1415.0,23174600
2020-06-09,1297.797607421875,1410.0,1450.0,1400.0,1425.0,28018500
2020-06-10,1353.02294921875,1470.0,1520.0,1400.0,1410.0,61440900
2020-06-11,1307.001708984375,1420.0,1490.0,1405.0,1480.0,27319800
2020-06-12,1270.184814453125,1380.0,1420.0,1350.0,1420.0,41876600
2020-06-15,1293.1953125,1405.0,1420.0,1360.0,1390.0,25094000
2020-06-16,1311.6038818359375,1425.0,1445.0,1415.0,1415.0,18727900
2020-06-17,1316.2060546875,1430.0,1450.0,1420.0,1450.0,32750200
2020-06-18,1297.797607421875,1410.0,1440.0,1400.0,1400.0,24563000
2020-06-19,1343.81884765625,1460.0,1460.0,1400.0,1425.0,48608900
2020-06-22,1353.02294921875,1470.0,1490.0,1440.0,1440.0,20082300
2020-06-23,1320.80810546875,1435.0,1470.0,1430.0,1460.0,12054700
2020-06-24,1343.81884765625,1460.0,1460.0,1430.0,1435.0,13277500
2020-06-25,1339.216552734375,1455.0,1465.0,1430.0,1465.0,8121400
2020-06-26,1330.012451171875,1445.0,1460.0,1430.0,1460.0,14323700
2020-06-29,1325.4102783203125,1440.0,1455.0,1430.0,1445.0,13293100
2020-06-30,1343.81884765625,1460.0,1480.0,1435.0,1440.0,39455800
2020-07-01,1348.4208984375,1465.0,1480.0,1455.0,1470.0,15494600
2020-07-02,1376.0335693359375,1495.0,1500.0,1460.0,1465.0,31753200
2020-07-03,1376.0335693359375,1495.0,1510.0,1480.0,1495.0,9003800
2020-07-06,1408.248291015625,1530.0,1530.0,1490.0,1495.0,31247600
2020-07-07,1394.4420166015625,1515.0,1545.0,1495.0,1530.0,25055700
2020-07-08,1399.044189453125,1520.0,1525.0,1500.0,1500.0,18521200
2020-07-09,1408.248291015625,1530.0,1540.0,1510.0,1525.0,33397400
2020-07-10,1353.02294921875,1470.0,1530.0,1470.0,1530.0,31067400
2020-07-13,1343.81884765625,1460.0,1495.0,1455.0,1480.0,18842500
2020-07-14,1385.23779296875,1505.0,1510.0,1460.0,1460.0,31936900
2020-07-15,1389.83984375,1510.0,1525.0,1505.0,1505.0,26236800
2020-07-16,1366.829345703125,1485.0,1520.0,1470.0,1510.0,24543800
2020-07-17,1348.4208984375,1465.0,1500.0,1450.0,1485.0,17736000
2020-07-20,1366.829345703125,1485.0,1485.0,1465.0,1465.0,19394400
2020-07-21,1399.044189453125,1520.0,1695.0,1475.0,1495.0,420160800
2020-07-22,1449.66748046875,1575.0,1640.0,1520.0,1535.0,365930700
2020-07-23,1486.484375,1615.0,1655.0,1575.0,1575.0,378713700
2020-07-24,1445.0654296875,1570.0,1635.0,1510.0,1600.0,210299200
2020-07-27,1426.6568603515625,1550.0,1610.0,1530.0,1540.0,108755400
2020-07-28,1394.4420166015625,1515.0,1570.0,1510.0,1550.0,72817700
2020-07-29,1403.646240234375,1525.0,1555.0,1515.0,1525.0,87768200
2020-07-30,1440.4632568359375,1565.0,1575.0,1530.0,1530.0,104773100
2020-08-03,1435.861083984375,1560.0,1585.0,1470.0,1575.0,87572700
2020-08-04,1449.66748046875,1575.0,1585.0,1560.0,1585.0,37390200
2020-08-05,1486.484375,1615.0,1640.0,1560.0,1560.0,118886200
2020-08-06,1472.6781005859375,1600.0,1635.0,1600.0,1615.0,93925600
2020-08-07,1454.26953125,1580.0,1610.0,1575.0,1600.0,32217900
2020-08-10,1481.8822021484375,1610.0,1615.0,1585.0,1600.0,34923100
2020-08-11,1472.6781005859375,1600.0,1620.0,1600.0,1615.0,21846900
2020-08-12,1486.484375,1615.0,1620.0,1600.0,1620.0,46451800
2020-08-13,1495.688720703125,1625.0,1625.0,1610.0,1620.0,45146800
2020-08-14,1495.688720703125,1625.0,1630.0,1615.0,1625.0,30761900
2020-08-18,1491.0865478515625,1620.0,1630.0,1605.0,1625.0,35788100
2020-08-19,1477.2801513671875,1605.0,1630.0,1605.0,1630.0,24769400
2020-08-24,1472.6781005859375,1600.0,1620.0,1585.0,1610.0,24237900
2020-08-25,1491.0865478515625,1620.0,1620.0,1595.0,1600.0,40737100
2020-08-26,1463.4737548828125,1590.0,1625.0,1590.0,1620.0,31078500
2020-08-27,1486.484375,1615.0,1620.0,1600.0,1605.0,22442600
2020-08-28,1481.8822021484375,1610.0,1625.0,1600.0,1615.0,16439300
2020-08-31,1454.26953125,1580.0,1615.0,1580.0,1605.0,46202700
2020-09-01,1468.075927734375,1595.0,1605.0,1580.0,1585.0,17692900
2020-09-02,1472.6781005859375,1600.0,1610.0,1585.0,1610.0,22441400
2020-09-03,1468.075927734375,1595.0,1610.0,1585.0,1610.0,24605200
2020-09-04,1463.4737548828125,1590.0,1595.0,1555.0,1590.0,33556900
2020-09-07,1472.6781005859375,1600.0,1600.0,1575.0,1585.0,17009800
2020-09-08,1454.26953125,1580.0,1600.0,1580.0,1600.0,9604300
2020-09-09,1431.259033203125,1555.0,1585.0,1550.0,1580.0,28690100
2020-09-10,1362.2271728515625,1480.0,1550.0,1470.0,1550.0,82214600
2020-09-11,1449.66748046875,1575.0,1580.0,1410.0,1420.0,38160300
2020-09-14,1463.4737548828125,1590.0,1600.0,1570.0,1590.0,29711700
2020-09-15,1422.0548095703125,1545.0,1590.0,1535.0,1590.0,26859400
2020-09-16,1417.4527587890625,1540.0,1565.0,1525.0,1545.0,9081800
2020-09-17,1394.4420166015625,1515.0,1555.0,1495.0,1540.0,18504500
2020-09-18,1422.0548095703125,1545.0,1545.0,1500.0,1520.0,27388900
2020-09-21,1380.6356201171875,1500.0,1545.0,1485.0,1545.0,13841800
2020-09-22,1339.216552734375,1455.0,1480.0,1440.0,1460.0,30309700
2020-09-23,1408.248291015625,1530.0,1530.0,1460.0,1465.0,26996700
2020-09-24,1394.4420166015625,1515.0,1520.0,1475.0,1500.0,23564800
2020-09-25,1454.26953125,1580.0,1585.0,1495.0,1520.0,35804500
2020-09-28,1403.646240234375,1525.0,1585.0,1525.0,1580.0,17599100
2020-09-29,1389.83984375,1510.0,1560.0,1510.0,1530.0,22775100
2020-09-30,1426.6568603515625,1550.0,1580.0,1515.0,1515.0,30404800
2020-10-01,1481.8822021484375,1610.0,1650.0,1600.0,1600.0,84701900
2020-10-02,1445.0654296875,1570.0,1625.0,1545.0,1620.0,37452400
2020-10-05,1440.4632568359375,1565.0,1600.0,1560.0,1580.0,14393000
2020-10-06,1440.4632568359375,1565.0,1580.0,1560.0,1580.0,14093100
2020-10-07,1463.4737548828125,1590.0,1590.0,1560.0,1565.0,18601400
2020-10-08,1472.6781005859375,1600.0,1600.0,1565.0,1590.0,16693400
2020-10-09,1445.0654296875,1570.0,1590.0,1565.0,1585.0,14912300
2020-10-12,1454.26953125,1580.0,1595.0,1565.0,1585.0,18457000
2020-10-13,1458.8717041015625,1585.0,1585.0,1565.0,1580.0,15181500
2020-10-14,1463.4737548828125,1590.0,1605.0,1565.0,1585.0,38990400
2020-10-15,1435.861083984375,1560.0,1595.0,1560.0,1590.0,23355700
2020-10-16,1426.6568603515625,1550.0,1565.0,1540.0,1555.0,20957300
2020-10-19,1445.0654296875,1570.0,1585.0,1555.0,1570.0,27999500
2020-10-20,1440.4632568359375,1565.0,1595.0,1560.0,1580.0,31977500
2020-10-21,1440.4632568359375,1565.0,1575.0,1565.0,1575.0,18320700
2020-10-22,1454.26953125,1580.0,1580.0,1565.0,1570.0,22801100
2020-10-23,1458.8717041015625,1585.0,1590.0,1570.0,1590.0,13897500
2020-10-26,1422.0548095703125,1545.0,1590.0,1540.0,1590.0,29947600
2020-10-27,1403.646240234375,1525.0,1555.0,1515.0,1545.0,35680300
2020-11-02,1376.0335693359375,1495.0,1535.0,1475.0,1530.0,58395800
2020-11-03,1357.6251220703125,1475.0,1505.0,1465.0,1500.0,42358100
2020-11-04,1339.216552734375,1455.0,1490.0,1455.0,1475.0,38146400
2020-11-05,1380.6356201171875,1500.0,1510.0,1475.0,1490.0,45161400
2020-11-06,1394.4420166015625,1515.0,1530.0,1500.0,1510.0,52447500
2020-11-09,1362.2271728515625,1480.0,1520.0,1470.0,1515.0,68198900
2020-11-10,1376.0335693359375,1495.0,1545.0,1490.0,1530.0,62694100
2020-11-11,1353.02294921875,1470.0,1520.0,1470.0,1520.0,63661600
2020-11-12,1366.829345703125,1485.0,1495.0,1475.0,1475.0,38384100
2020-11-13,1376.0335693359375,1495.0,1495.0,1485.0,1490.0,12767200
2020-11-16,1371.4315185546875,1490.0,1515.0,1480.0,1505.0,33134800
2020-11-17,1380.6356201171875,1500.0,1510.0,1495.0,1505.0,33292200
2020-11-18,1385.23779296875,1505.0,1515.0,1495.0,1505.0,35735900
2020-11-19,1376.0335693359375,1495.0,1510.0,1495.0,1505.0,33518700
2020-11-20,1376.0335693359375,1495.0,1510.0,1495.0,1505.0,18059200
2020-11-23,1376.0335693359375,1495.0,1505.0,1490.0,1495.0,33386700
2020-11-24,1366.829345703125,1485.0,1505.0,1480.0,1495.0,55053900
2020-11-25,1353.02294921875,1470.0,1490.0,1470.0,1485.0,32909400
2020-11-26,1371.4315185546875,1490.0,1490.0,1470.0,1475.0,31101300
2020-11-27,1362.2271728515625,1480.0,1500.0,1480.0,1500.0,40326700
2020-11-30,1385.23779296875,1505.0,1505.0,1440.0,1490.0,146595800
2020-12-01,1366.829345703125,1485.0,1510.0,1465.0,1505.0,46698600
2020-12-02,1376.0335693359375,1495.0,1500.0,1475.0,1500.0,45553200
2020-12-03,1348.4208984375,1465.0,1505.0,1455.0,1500.0,71615300
2020-12-04,1363.2081298828125,1475.0,1490.0,1455.0,1465.0,33404600
2020-12-07,1372.4501953125,1485.0,1515.0,1480.0,1500.0,65984300
2020-12-08,1363.2081298828125,1475.0,1505.0,1470.0,1500.0,61017900
2020-12-10,1367.8292236328125,1480.0,1500.0,1475.0,1490.0,50894900
2020-12-11,1353.9661865234375,1465.0,1490.0,1465.0,1490.0,40746500
2020-12-14,1372.4501953125,1485.0,1485.0,1460.0,1465.0,25148000
2020-12-15,1372.4501953125,1485.0,1490.0,1470.0,1485.0,23441200
2020-12-16,1427.90283203125,1545.0,1590.0,1480.0,1495.0,152710000
2020-12-17,1423.28173828125,1540.0,1570.0,1530.0,1550.0,99783300
2020-12-18,1423.28173828125,1540.0,1550.0,1520.0,1540.0,55796800
2020-12-21,1427.90283203125,1545.0,1555.0,1530.0,1545.0,60691700
2020-12-22,1390.9344482421875,1505.0,1545.0,1500.0,1540.0,46819400
2020-12-23,1353.9661865234375,1465.0,1525.0,1455.0,1520.0,40311000
2020-12-28,1386.3133544921875,1500.0,1505.0,1455.0,1465.0,28002400
2020-12-29,1377.0712890625,1490.0,1505.0,1475.0,1500.0,26060300
2020-12-30,1367.8292236328125,1480.0,1500.0,1475.0,1490.0,24632300
2021-01-04,1363.2081298828125,1475.0,1500.0,1470.0,1500.0,20906300
2021-01-05,1358.587158203125,1470.0,1485.0,1460.0,1475.0,34835700
2021-01-06,1386.3133544921875,1500.0,1510.0,1455.0,1470.0,71557400
2021-01-07,1372.4501953125,1485.0,1535.0,1485.0,1515.0,42590000
2021-01-08,1381.6923828125,1495.0,1500.0,1485.0,1500.0,26719000
2021-01-11,1626.6077880859375,1760.0,1835.0,1495.0,1495.0,563868500
2021-01-12,1552.6710205078125,1680.0,1960.0,1675.0,1800.0,730883800
2021-01-13,1446.386962890625,1565.0,1715.0,1565.0,1700.0,318606200
2021-01-14,1474.1131591796875,1595.0,1640.0,1500.0,1565.0,272061900
2021-01-15,1520.32373046875,1645.0,1680.0,1620.0,1625.0,215382800
2021-01-18,1534.186767578125,1660.0,1720.0,1620.0,1655.0,215422400
2021-01-19,1464.8712158203125,1585.0,1680.0,1585.0,1670.0,83675200
2021-01-20,1469.4921875,1590.0,1650.0,1570.0,1650.0,60163400
2021-01-21,1529.5657958984375,1655.0,1700.0,1595.0,1600.0,161395300
2021-01-22,1492.597412109375,1615.0,1680.0,1595.0,1665.0,102447800
2021-01-25,1483.3553466796875,1605.0,1620.0,1535.0,1615.0,70622700
2021-01-26,1427.90283203125,1545.0,1620.0,1535.0,1605.0,79451300
2021-01-27,1395.5555419921875,1510.0,1560.0,1480.0,1545.0,73126300
2021-01-28,1400.176513671875,1515.0,1565.0,1485.0,1500.0,80221200
2021-01-29,1353.9661865234375,1465.0,1550.0,1455.0,1525.0,79625700
2021-02-01,1377.0712890625,1490.0,1515.0,1420.0,1450.0,71988500
2021-02-02,1404.797607421875,1520.0,1560.0,1490.0,1510.0,73428200
2021-02-03,1441.7659912109375,1560.0,1575.0,1525.0,1525.0,58843900
2021-02-04,1427.90283203125,1545.0,1590.0,1530.0,1580.0,41055300
2021-02-05,1469.4921875,1590.0,1595.0,1540.0,1570.0,45768600
2021-02-08,1451.0079345703125,1570.0,1605.0,1555.0,1595.0,30326700
2021-02-09,1404.797607421875,1520.0,1590.0,1500.0,1590.0,48636900
2021-02-10,1409.4185791015625,1525.0,1535.0,1505.0,1520.0,25973600
2021-02-11,1409.4185791015625,1525.0,1535.0,1505.0,1530.0,27319000
2021-02-15,1409.4185791015625,1525.0,1545.0,1520.0,1535.0,21673000
2021-02-16,1409.4185791015625,1525.0,1540.0,1515.0,1540.0,15732600
2021-02-17,1400.176513671875,1515.0,1530.0,1500.0,1525.0,32963400
2021-02-18,1377.0712890625,1490.0,1525.0,1490.0,1525.0,34834700
2021-02-19,1464.8712158203125,1585.0,1610.0,1515.0,1515.0,152425200
2021-02-22,1451.0079345703125,1570.0,1605.0,1560.0,1595.0,66610200
2021-02-23,1423.28173828125,1540.0,1570.0,1535.0,1565.0,34042400
2021-02-24,1390.9344482421875,1505.0,1550.0,1500.0,1540.0,72954800
2021-02-25,1386.3133544921875,1500.0,1525.0,1500.0,1515.0,52390100
2021-02-26,1358.587158203125,1470.0,1515.0,1470.0,1490.0,133986100
2021-03-01,1404.797607421875,1520.0,1525.0,1485.0,1490.0,58528000
2021-03-02,1432.5238037109375,1550.0,1570.0,1520.0,1530.0,58307000
2021-03-03,1432.5238037109375,1550.0,1565.0,1530.0,1560.0,48819600
2021-03-04,1437.1448974609375,1555.0,1575.0,1530.0,1550.0,67889800
2021-03-05,1437.1448974609375,1555.0,1560.0,1545.0,1555.0,35614600
2021-03-08,1437.1448974609375,1555.0,1570.0,1550.0,1555.0,31401200
2021-03-09,1427.90283203125,1545.0,1565.0,1535.0,1560.0,38671000
2021-03-10,1464.8712158203125,1585.0,1590.0,1550.0,1560.0,40133700
2021-03-12,1474.1131591796875,1595.0,1615.0,1585.0,1590.0,71273800
2021-03-15,1464.8712158203125,1585.0,1615.0,1580.0,1605.0,43715300
2021-03-16,1464.8712158203125,1585.0,1595.0,1575.0,1590.0,22390500
2021-03-17,1469.4921875,1590.0,1610.0,1590.0,1595.0,30764600
2021-03-18,1455.629150390625,1575.0,1605.0,1570.0,1600.0,19222800
2021-03-19,1483.3553466796875,1605.0,1625.0,1565.0,1575.0,99339900
2021-03-22,1478.734375,1600.0,1635.0,1590.0,1625.0,29442900
2021-03-23,1455.629150390625,1575.0,1600.0,1555.0,1595.0,37466600
2021-03-24,1409.4185791015625,1525.0,1570.0,1520.0,1570.0,34585300
2021-03-25,1469.4921875,1590.0,1595.0,1520.0,1525.0,36607700
2021-03-26,1460.2501220703125,1580.0,1590.0,1560.0,1590.0,11780400
2021-03-29,1423.28173828125,1540.0,1585.0,1530.0,1580.0,30661700
2021-03-30,1423.28173828125,1540.0,1570.0,1530.0,1550.0,23063900
2021-03-31,1451.0079345703125,1570.0,1570.0,1515.0,1540.0,22300400
2021-04-01,1432.5238037109375,1550.0,1570.0,1540.0,1570.0,17604600
2021-04-05,1432.5238037109375,1550.0,1580.0,1550.0,1565.0,14155000
2021-04-06,1437.1448974609375,1555.0,1565.0,1545.0,1550.0,23411100
2021-04-07,1432.5238037109375,1550.0,1560.0,1545.0,1560.0,15104900
2021-04-08,1446.386962890625,1565.0,1570.0,1550.0,1550.0,17501800
2021-04-09,1432.5238037109375,1550.0,1570.0,1535.0,1570.0,28744400
2021-04-12,1395.5555419921875,1510.0,1550.0,1510.0,1550.0,14682200
2021-04-13,1377.0712890625,1490.0,1510.0,1485.0,1510.0,22230800
2021-04-14,1381.6923828125,1495.0,1500.0,1485.0,1485.0,23625400
2021-04-15,1400.176513671875,1515.0,1515.0,1485.0,1495.0,15550100
2021-04-16,1381.6923828125,1495.0,1510.0,1485.0,1505.0,25365600
2021-04-19,1381.6923828125,1495.0,1500.0,1490.0,1500.0,9322500
2021-04-20,1381.6923828125,1495.0,1510.0,1485.0,1495.0,14811000
2021-04-21,1381.6923828125,1495.0,1505.0,1495.0,1495.0,8530700
2021-04-22,1377.0712890625,1490.0,1510.0,1490.0,1505.0,11533000
2021-04-23,1386.3133544921875,1500.0,1505.0,1490.0,1490.0,15203100
2021-04-26,1372.4501953125,1485.0,1500.0,1485.0,1490.0,10788100
2021-04-27,1363.2081298828125,1475.0,1495.0,1475.0,1485.0,18573600
2021-04-28,1358.587158203125,1470.0,1480.0,1470.0,1470.0,19011800
2021-04-29,1358.587158203125,1470.0,1480.0,1465.0,1470.0,10495400
2021-04-30,1330.86083984375,1440.0,1475.0,1440.0,1470.0,33231500
2021-05-03,1326.23974609375,1435.0,1465.0,1430.0,1450.0,15108800
2021-05-04,1358.587158203125,1470.0,1475.0,1440.0,1445.0,16904400
2021-05-05,1335.48193359375,1445.0,1475.0,1445.0,1470.0,18379900
2021-05-06,1349.344970703125,1460.0,1460.0,1445.0,1450.0,26802700
2021-05-07,1349.344970703125,1460.0,1465.0,1445.0,1450.0,20893200
2021-05-10,1358.587158203125,1470.0,1470.0,1450.0,1465.0,18464900
2021-05-11,1335.48193359375,1445.0,1475.0,1440.0,1470.0,23113700
2021-05-17,1349.344970703125,1460.0,1465.0,1440.0,1455.0,31595500
2021-05-18,1340.1029052734375,1450.0,1465.0,1435.0,1450.0,18704800
2021-05-19,1335.48193359375,1445.0,1450.0,1430.0,1445.0,22644700
2021-05-20,1349.344970703125,1460.0,1480.0,1440.0,1440.0,26107300
2021-05-21,1358.587158203125,1470.0,1475.0,1450.0,1465.0,10921100
2021-05-24,1340.1029052734375,1450.0,1475.0,1450.0,1475.0,9693700
2021-05-25,1349.344970703125,1460.0,1465.0,1440.0,1450.0,22179100
2021-05-27,1312.376708984375,1420.0,1465.0,1420.0,1460.0,162541000
2021-05-28,1330.86083984375,1440.0,1440.0,1415.0,1430.0,24377200
2021-05-31,1340.1029052734375,1450.0,1450.0,1420.0,1445.0,24095700
2021-06-02,1335.48193359375,1445.0,1460.0,1435.0,1455.0,30212300
2021-06-03,1386.3133544921875,1500.0,1500.0,1445.0,1450.0,44274700
2021-06-04,1372.4501953125,1485.0,1500.0,1455.0,1500.0,23701700
2021-06-07,1381.6923828125,1495.0,1495.0,1460.0,1485.0,16701100
2021-06-08,1365.6807861328125,1450.0,1470.0,1440.0,1460.0,17121600
2021-06-09,1356.262451171875,1440.0,1460.0,1435.0,1450.0,13979800
2021-06-10,1356.262451171875,1440.0,1450.0,1430.0,1440.0,20588200
2021-06-11,1365.6807861328125,1450.0,1450.0,1435.0,1440.0,14598700
2021-06-14,1351.55322265625,1435.0,1455.0,1430.0,1440.0,18638300
2021-06-15,1365.6807861328125,1450.0,1450.0,1430.0,1445.0,23112800
2021-06-16,1342.1346435546875,1425.0,1450.0,1425.0,1445.0,12235400
2021-06-17,1323.2977294921875,1405.0,1435.0,1405.0,1425.0,21227200
2021-06-18,1280.91455078125,1360.0,1405.0,1315.0,1400.0,97394900
2021-06-21,1393.9364013671875,1480.0,1525.0,1280.0,1310.0,220726700
2021-06-22,1337.4254150390625,1420.0,1515.0,1420.0,1480.0,67090200
2021-06-23,1280.91455078125,1360.0,1425.0,1355.0,1420.0,31460400
2021-06-24,1290.3328857421875,1370.0,1380.0,1355.0,1360.0,28444200
2021-06-25,1276.205322265625,1355.0,1420.0,1345.0,1380.0,49431500
2021-06-28,1295.042236328125,1375.0,1405.0,1370.0,1370.0,36530100
2021-06-29,1295.042236328125,1375.0,1420.0,1375.0,1385.0,34027000
2021-06-30,1318.5885009765625,1400.0,1415.0,1380.0,1390.0,28588600
2021-07-01,1318.5885009765625,1400.0,1420.0,1385.0,1400.0,19917700
2021-07-02,1318.5885009765625,1400.0,1420.0,1395.0,1405.0,12907400
2021-07-05,1309.169921875,1390.0,1420.0,1370.0,1400.0,22506700
2021-07-06,1290.3328857421875,1370.0,1400.0,1370.0,1390.0,21419400
2021-07-07,1276.205322265625,1355.0,1375.0,1340.0,1375.0,26750100
2021-07-08,1247.94970703125,1325.0,1355.0,1320.0,1355.0,32821200
2021-07-09,1243.240478515625,1320.0,1335.0,1320.0,1325.0,19171100
2021-07-12,1257.368408203125,1335.0,1350.0,1330.0,1330.0,34874000
2021-07-13,1252.6590576171875,1330.0,1350.0,1325.0,1340.0,20606700
2021-07-14,1285.623779296875,1365.0,1370.0,1305.0,1335.0,34479500
2021-07-15,1285.623779296875,1365.0,1370.0,1345.0,1370.0,21126700
2021-07-16,1309.169921875,1390.0,1390.0,1355.0,1365.0,22813100
2021-07-19,1309.169921875,1390.0,1410.0,1365.0,1390.0,24056800
2021-07-21,1271.4959716796875,1350.0,1395.0,1345.0,1390.0,31672600
2021-07-22,1276.205322265625,1355.0,1360.0,1350.0,1350.0,12050700
2021-07-23,1266.7867431640625,1345.0,1365.0,1340.0,1360.0,17402300
2021-07-26,1266.7867431640625,1345.0,1365.0,1345.0,1350.0,27036000
2021-07-27,1262.07763671875,1340.0,1365.0,1330.0,1365.0,23973200
2021-07-28,1238.5313720703125,1315.0,1345.0,1310.0,1340.0,17882100
2021-07-29,1219.6943359375,1295.0,1320.0,1295.0,1315.0,39331900
2021-07-30,1186.7296142578125,1260.0,1315.0,1260.0,1305.0,49489900
2021-08-02,1229.11279296875,1305.0,1315.0,1280.0,1280.0,55975500
2021-08-03,1238.5313720703125,1315.0,1330.0,1310.0,1310.0,32658700
2021-08-04,1229.11279296875,1305.0,1325.0,1300.0,1315.0,16906900
2021-08-05,1219.6943359375,1295.0,1345.0,1290.0,1310.0,33208700
2021-08-06,1196.1480712890625,1270.0,1305.0,1270.0,1305.0,38165500
2021-08-09,1167.8927001953125,1240.0,1300.0,1240.0,1300.0,46508600
2021-08-10,1229.11279296875,1305.0,1305.0,1250.0,1255.0,55389800
2021-08-12,1214.985107421875,1290.0,1310.0,1270.0,1305.0,40262100
2021-08-13,1224.403564453125,1300.0,1305.0,1290.0,1295.0,22061200
2021-08-16,1224.403564453125,1300.0,1305.0,1280.0,1305.0,11843300
2021-08-18,1233.822021484375,1310.0,1310.0,1285.0,1300.0,25693500
2021-08-19,1177.31103515625,1250.0,1300.0,1240.0,1300.0,31387700
2021-08-20,1219.6943359375,1295.0,1300.0,1250.0,1255.0,23424000
2021-08-23,1224.403564453125,1300.0,1305.0,1275.0,1275.0,22388600
2021-08-24,1219.6943359375,1295.0,1305.0,1280.0,1300.0,23528300
2021-08-25,1262.07763671875,1340.0,1340.0,1290.0,1305.0,30449300
2021-08-26,1266.7867431640625,1345.0,1345.0,1315.0,1340.0,23005600
2021-08-27,1285.623779296875,1365.0,1365.0,1330.0,1345.0,24342500
2021-08-30,1313.8792724609375,1395.0,1395.0,1365.0,1370.0,49180500
2021-08-31,1266.7867431640625,1345.0,1395.0,1335.0,1395.0,93408300
2021-09-01,1285.623779296875,1365.0,1375.0,1345.0,1345.0,31866400
2021-09-02,1304.460693359375,1385.0,1385.0,1345.0,1365.0,11738400
2021-09-03,1356.262451171875,1440.0,1440.0,1365.0,1385.0,49704400
2021-09-06,1393.9364013671875,1480.0,1495.0,1415.0,1440.0,57271900
2021-09-07,1375.0994873046875,1460.0,1480.0,1455.0,1480.0,16775400
2021-09-08,1375.0994873046875,1460.0,1465.0,1410.0,1460.0,41785000
2021-09-09,1403.3548583984375,1490.0,1490.0,1440.0,1460.0,42971600
2021-09-10,1384.517822265625,1470.0,1495.0,1460.0,1490.0,21709100
2021-09-13,1384.517822265625,1470.0,1470.0,1440.0,1460.0,8362500
2021-09-14,1393.9364013671875,1480.0,1480.0,1445.0,1445.0,23492600
2021-09-15,1403.3548583984375,1490.0,1490.0,1450.0,1480.0,19610700
2021-09-16,1356.262451171875,1440.0,1490.0,1440.0,1490.0,24009000
2021-09-17,1365.6807861328125,1450.0,1460.0,1435.0,1440.0,30924100
2021-09-20,1346.8438720703125,1430.0,1460.0,1425.0,1450.0,9378600
2021-09-21,1323.2977294921875,1405.0,1450.0,1405.0,1425.0,14673100
2021-09-22,1337.4254150390625,1420.0,1435.0,1410.0,1420.0,12157700
2021-09-23,1313.8792724609375,1395.0,1440.0,1395.0,1410.0,21547200
2021-09-24,1318.5885009765625,1400.0,1425.0,1385.0,1425.0,19823600
2021-09-27,1318.5885009765625,1400.0,1410.0,1390.0,1410.0,10494500
2021-09-28,1299.75146484375,1380.0,1415.0,1380.0,1415.0,10162000
2021-09-29,1328.0069580078125,1410.0,1410.0,1365.0,1370.0,24028200
2021-09-30,1346.8438720703125,1430.0,1430.0,1400.0,1410.0,23730600
2021-10-01,1318.5885009765625,1400.0,1430.0,1380.0,1430.0,21204400
2021-10-04,1299.75146484375,1380.0,1405.0,1375.0,1400.0,24057600
2021-10-05,1290.3328857421875,1370.0,1390.0,1370.0,1380.0,15698000
2021-10-06,1290.3328857421875,1370.0,1410.0,1365.0,1370.0,30270100
2021-10-07,1290.3328857421875,1370.0,1415.0,1370.0,1370.0,37530500
2021-10-08,1299.75146484375,1380.0,1405.0,1370.0,1375.0,24962100
2021-10-11,1280.91455078125,1360.0,1385.0,1360.0,1380.0,20811400
2021-10-12,1290.3328857421875,1370.0,1380.0,1355.0,1360.0,26638500
2021-10-13,1304.460693359375,1385.0,1385.0,1360.0,1375.0,29785100
2021-10-14,1351.55322265625,1435.0,1440.0,1380.0,1390.0,65304500
2021-10-15,1360.9715576171875,1445.0,1455.0,1415.0,1450.0,45210300
2021-10-18,1356.262451171875,1440.0,1455.0,1425.0,1450.0,25759700
2021-10-19,1365.6807861328125,1450.0,1450.0,1420.0,1440.0,16828400
2021-10-21,1403.3548583984375,1490.0,1490.0,1450.0,1460.0,52190200
2021-10-22,1370.3902587890625,1455.0,1490.0,1435.0,1490.0,34304000
2021-10-25,1379.8087158203125,1465.0,1480.0,1440.0,1455.0,23810800
2021-10-26,1450.4473876953125,1540.0,1605.0,1480.0,1480.0,166793500
2021-10-27,1506.958251953125,1600.0,1605.0,1510.0,1540.0,164887800
2021-10-28,1497.539794921875,1590.0,1610.0,1580.0,1610.0,102437000
2021-10-29,1506.958251953125,1600.0,1605.0,1590.0,1600.0,155669800
2021-11-01,1497.539794921875,1590.0,1605.0,1590.0,1600.0,63028700
2021-11-02,1525.795166015625,1620.0,1630.0,1565.0,1590.0,125599400
2021-11-03,1539.9229736328125,1635.0,1640.0,1615.0,1630.0,139441900
2021-11-04,1535.213623046875,1630.0,1640.0,1610.0,1640.0,147923700
2021-11-05,1535.213623046875,1630.0,1650.0,1615.0,1625.0,120743600
2021-11-08,1525.795166015625,1620.0,1635.0,1610.0,1630.0,140655600
2021-11-09,1525.795166015625,1620.0,1635.0,1590.0,1635.0,50026200
2021-11-10,1530.50439453125,1625.0,1625.0,1605.0,1620.0,55784500
2021-11-11,1497.539794921875,1590.0,1630.0,1565.0,1625.0,52529900
2021-11-12,1516.376708984375,1610.0,1615.0,1590.0,1590.0,31257500
2021-11-15,1502.2490234375,1595.0,1615.0,1570.0,1610.0,20170900
2021-11-16,1525.795166015625,1620.0,1620.0,1575.0,1600.0,56316100
2021-11-17,1521.0860595703125,1615.0,1625.0,1600.0,1625.0,23329400
2021-11-18,1521.0860595703125,1615.0,1620.0,1600.0,1610.0,28281300
2021-11-19,1502.2490234375,1595.0,1620.0,1585.0,1615.0,22639000
2021-11-22,1506.958251953125,1600.0,1620.0,1590.0,1595.0,41133000
2021-11-23,1516.376708984375,1610.0,1610.0,1570.0,1600.0,31824100
2021-11-24,1516.376708984375,1610.0,1610.0,1595.0,1610.0,36474100
2021-11-25,1525.795166015625,1620.0,1620.0,1600.0,1610.0,48835900
2021-11-26,1497.539794921875,1590.0,1615.0,1555.0,1615.0,47932800
2021-11-29,1511.66748046875,1605.0,1610.0,1560.0,1590.0,66271400
2021-11-30,1506.958251953125,1600.0,1610.0,1590.0,1605.0,162594600
2021-12-01,1497.539794921875,1590.0,1610.0,1575.0,1605.0,44533500
2021-12-02,1521.0860595703125,1615.0,1635.0,1585.0,1590.0,56231800
2021-12-03,1516.376708984375,1610.0,1625.0,1605.0,1615.0,41788400
2021-12-06,1488.121337890625,1580.0,1615.0,1580.0,1615.0,31633400
2021-12-07,1521.0860595703125,1615.0,1615.0,1585.0,1585.0,24030800
2021-12-08,1502.2490234375,1595.0,1605.0,1595.0,1605.0,26973800
2021-12-09,1516.376708984375,1610.0,1615.0,1590.0,1595.0,42152900
2021-12-10,1516.376708984375,1610.0,1615.0,1595.0,1610.0,21711000
2021-12-13,1511.66748046875,1605.0,1615.0,1585.0,1615.0,30298500
2021-12-14,1516.376708984375,1610.0,1615.0,1600.0,1610.0,44663200
2021-12-15,1521.0860595703125,1615.0,1620.0,1605.0,1610.0,32761400
2021-12-16,1530.50439453125,1625.0,1630.0,1610.0,1620.0,99342000
2021-12-17,1516.376708984375,1610.0,1630.0,1595.0,1630.0,41416100
2021-12-20,1521.0860595703125,1615.0,1630.0,1605.0,1615.0,33529500
2021-12-21,1511.66748046875,1605.0,1620.0,1605.0,1615.0,23899000
2021-12-22,1478.70263671875,1570.0,1605.0,1545.0,1605.0,46200100
2021-12-23,1497.539794921875,1590.0,1605.0,1550.0,1560.0,29951800
2021-12-24,1483.4119873046875,1575.0,1605.0,1570.0,1590.0,14266300
2021-12-27,1516.376708984375,1610.0,1615.0,1575.0,1580.0,14905100
2021-12-28,1511.66748046875,1605.0,1620.0,1605.0,1610.0,20479500
2021-12-29,1521.0860595703125,1615.0,1620.0,1605.0,1615.0,13887200
2021-12-30,1521.0860595703125,1615.0,1625.0,1610.0,1615.0,24016700
2022-01-03,1525.795166015625,1620.0,1625.0,1605.0,1615.0,25774000
2022-01-04,1525.795166015625,1620.0,1625.0,1610.0,1620.0,24471900
2022-01-05,1530.50439453125,1625.0,1625.0,1595.0,1615.0,47707800
2022-01-06,1525.795166015625,1620.0,1630.0,1600.0,1620.0,27428300
2022-01-07,1558.760009765625,1655.0,1685.0,1615.0,1620.0,87215800
2022-01-10,1596.433837890625,1695.0,1730.0,1665.0,1665.0,132840300
2022-01-11,1577.596923828125,1675.0,1695.0,1650.0,1695.0,44595500
2022-01-12,1601.1431884765625,1700.0,1700.0,1660.0,1675.0,36149500
2022-01-13,1601.1431884765625,1700.0,1700.0,1670.0,1700.0,28302700
2022-01-14,1596.433837890625,1695.0,1700.0,1685.0,1700.0,21589300
2022-01-17,1605.8524169921875,1705.0,1710.0,1695.0,1705.0,36515000
2022-01-18,1615.27099609375,1715.0,1720.0,1695.0,1710.0,50948500
2022-01-19,1601.1431884765625,1700.0,1720.0,1695.0,1715.0,71878500
2022-01-20,1601.1431884765625,1700.0,1720.0,1695.0,1715.0,56582000
2022-01-21,1605.8524169921875,1705.0,1710.0,1685.0,1700.0,22979900
2022-01-24,1601.1431884765625,1700.0,1705.0,1620.0,1705.0,37893600
2022-01-25,1601.1431884765625,1700.0,1700.0,1655.0,1695.0,31244100
2022-01-26,1601.1431884765625,1700.0,1700.0,1665.0,1690.0,24644500
2022-01-27,1591.724609375,1690.0,1700.0,1655.0,1680.0,22397200
2022-01-28,1572.8875732421875,1670.0,1695.0,1660.0,1670.0,25104500
2022-01-31,1544.63232421875,1640.0,1680.0,1630.0,1670.0,17549900
2022-02-02,1591.724609375,1690.0,1695.0,1645.0,1650.0,17161600
2022-02-03,1563.46923828125,1660.0,1690.0,1655.0,1690.0,23942400
2022-02-04,1591.724609375,1690.0,1690.0,1655.0,1660.0,17949800
2022-02-07,1587.015380859375,1685.0,1690.0,1655.0,1680.0,15681800
2022-02-08,1544.63232421875,1640.0,1685.0,1640.0,1660.0,36457000
2022-02-09,1554.0506591796875,1650.0,1665.0,1630.0,1665.0,27205100
2022-02-10,1544.63232421875,1640.0,1680.0,1640.0,1660.0,23853300
2022-02-11,1539.9229736328125,1635.0,1655.0,1615.0,1640.0,22112600
2022-02-14,1506.958251953125,1600.0,1640.0,1575.0,1635.0,27660100
2022-02-15,1544.63232421875,1640.0,1655.0,1595.0,1600.0,31125900
2022-02-16,1525.795166015625,1620.0,1640.0,1615.0,1640.0,17463200
2022-02-17,1506.958251953125,1600.0,1620.0,1590.0,1610.0,31645800
2022-02-18,1506.958251953125,1600.0,1620.0,1600.0,1600.0,26231800
2022-02-21,1497.539794921875,1590.0,1625.0,1585.0,1600.0,32018300
2022-02-22,1525.795166015625,1620.0,1650.0,1585.0,1590.0,51416700
2022-02-23,1554.0506591796875,1650.0,1650.0,1610.0,1630.0,44613000
2022-02-24,1535.213623046875,1630.0,1650.0,1595.0,1645.0,37300400
2022-02-25,1549.3414306640625,1645.0,1645.0,1520.0,1600.0,116915300
2022-03-01,1488.121337890625,1580.0,1635.0,1575.0,1635.0,73898600
2022-03-02,1506.958251953125,1600.0,1630.0,1575.0,1590.0,63136800
2022-03-04,1544.63232421875,1640.0,1640.0,1590.0,1600.0,42707800
2022-03-07,1511.66748046875,1605.0,1640.0,1585.0,1640.0,40066800
2022-03-08,1497.539794921875,1590.0,1610.0,1575.0,1605.0,56565000
2022-03-09,1492.83056640625,1585.0,1615.0,1580.0,1585.0,19148100
2022-03-10,1511.66748046875,1605.0,1625.0,1590.0,1590.0,32861500
2022-03-11,1521.0860595703125,1615.0,1630.0,1595.0,1605.0,14480100
2022-03-14,1535.213623046875,1630.0,1650.0,1600.0,1620.0,26761400
2022-03-15,1525.795166015625,1620.0,1630.0,1585.0,1630.0,35968000
2022-03-16,1525.795166015625,1620.0,1620.0,1580.0,1615.0,55709500
2022-03-17,1516.376708984375,1610.0,1620.0,1585.0,1620.0,34000900
2022-03-18,1535.213623046875,1630.0,1630.0,1595.0,1610.0,55156200
2022-03-21,1554.0506591796875,1650.0,1650.0,1605.0,1630.0,23066400
2022-03-22,1558.760009765625,1655.0,1655.0,1615.0,1645.0,29045900
2022-03-23,1563.46923828125,1660.0,1660.0,1635.0,1655.0,37044800
2022-03-24,1591.724609375,1690.0,1690.0,1640.0,1640.0,43946500
2022-03-25,1572.8875732421875,1670.0,1690.0,1635.0,1680.0,52626100
2022-03-28,1535.213623046875,1630.0,1660.0,1630.0,1660.0,31051600
2022-03-29,1535.213623046875,1630.0,1660.0,1625.0,1625.0,26030300
2022-03-30,1563.46923828125,1660.0,1665.0,1630.0,1635.0,19430300
2022-03-31,1516.376708984375,1610.0,1660.0,1610.0,1660.0,45789300
2022-04-01,1521.0860595703125,1615.0,1620.0,1595.0,1610.0,29819100
2022-04-04,1587.015380859375,1685.0,1685.0,1595.0,1615.0,25992600
2022-04-05,1516.376708984375,1610.0,1670.0,1610.0,1670.0,34164600
2022-04-06,1502.2490234375,1595.0,1615.0,1575.0,1605.0,49125700
2022-04-07,1488.121337890625,1580.0,1600.0,1550.0,1590.0,68102400
2022-04-08,1488.121337890625,1580.0,1605.0,1575.0,1580.0,36379600
2022-04-11,1492.83056640625,1585.0,1590.0,1550.0,1580.0,51859100
2022-04-12,1492.83056640625,1585.0,1590.0,1560.0,1585.0,46610200
2022-04-13,1502.2490234375,1595.0,1595.0,1575.0,1585.0,34085700
2022-04-14,1492.83056640625,1585.0,1600.0,1580.0,1595.0,26345100
2022-04-18,1506.958251953125,1600.0,1615.0,1585.0,1585.0,18765800
2022-04-19,1483.4119873046875,1575.0,1610.0,1570.0,1600.0,42560700
2022-04-20,1469.2843017578125,1560.0,1600.0,1560.0,1590.0,51769300
2022-04-21,1506.958251953125,1600.0,1610.0,1565.0,1565.0,32175900
2022-04-22,1483.4119873046875,1575.0,1600.0,1540.0,1600.0,57504900
2022-04-25,1511.66748046875,1605.0,1620.0,1565.0,1570.0,33865200
2022-04-26,1530.50439453125,1625.0,1625.0,1600.0,1605.0,16248100
2022-04-27,1521.0860595703125,1615.0,1630.0,1600.0,1620.0,30454300
2022-04-28,1544.63232421875,1640.0,1665.0,1615.0,1615.0,49356100
2022-05-09,1441.02880859375,1530.0,1655.0,1530.0,1600.0,76978200
2022-05-10,1521.0860595703125,1615.0,1635.0,1530.0,1530.0,52064100
2022-05-11,1539.9229736328125,1635.0,1635.0,1605.0,1615.0,50650000
2022-05-12,1488.121337890625,1580.0,1635.0,1555.0,1635.0,36570400
2022-05-13,1506.958251953125,1600.0,1645.0,1580.0,1580.0,49784100
2022-05-17,1530.50439453125,1625.0,1645.0,1615.0,1625.0,159495200
2022-05-18,1530.50439453125,1625.0,1635.0,1605.0,1630.0,111379300
2022-05-19,1511.66748046875,1605.0,1645.0,1575.0,1625.0,61712100
2022-05-20,1530.50439453125,1625.0,1660.0,1600.0,1605.0,61642000
2022-05-23,1535.213623046875,1630.0,1645.0,1615.0,1625.0,36912700
2022-05-24,1521.0860595703125,1615.0,1655.0,1615.0,1645.0,49342000
2022-05-25,1535.213623046875,1630.0,1635.0,1600.0,1620.0,22287100
2022-05-27,1516.376708984375,1610.0,1640.0,1605.0,1640.0,32989700
2022-05-30,1535.213623046875,1630.0,1630.0,1615.0,1615.0,23066200
2022-05-31,1612.2149658203125,1675.0,1675.0,1610.0,1625.0,115863900
2022-06-02,1544.8388671875,1605.0,1670.0,1585.0,1670.0,58671200
2022-06-03,1540.0262451171875,1600.0,1625.0,1600.0,1620.0,27458200
2022-06-06,1578.5269775390625,1640.0,1640.0,1595.0,1600.0,30976700
2022-06-07,1535.213623046875,1595.0,1640.0,1595.0,1635.0,39892100
2022-06-08,1564.0892333984375,1625.0,1635.0,1595.0,1600.0,44783800
2022-06-09,1573.71435546875,1635.0,1655.0,1620.0,1625.0,65482700
2022-06-10,1564.0892333984375,1625.0,1625.0,1600.0,1625.0,31155500
2022-06-13,1564.0892333984375,1625.0,1625.0,1605.0,1615.0,38442100
2022-06-14,1564.0892333984375,1625.0,1625.0,1605.0,1610.0,25687400
2022-06-15,1554.464111328125,1615.0,1625.0,1600.0,1610.0,25656400
2022-06-16,1564.0892333984375,1625.0,1625.0,1610.0,1615.0,47197200
2022-06-17,1564.0892333984375,1625.0,1630.0,1615.0,1620.0,44887100
2022-06-20,1559.276611328125,1620.0,1630.0,1620.0,1625.0,47509600
2022-06-21,1564.0892333984375,1625.0,1625.0,1615.0,1620.0,34306700
2022-06-22,1564.0892333984375,1625.0,1635.0,1620.0,1625.0,57150900
2022-06-23,1636.2779541015625,1700.0,1700.0,1625.0,1630.0,86030200
2022-06-24,1645.903076171875,1710.0,1720.0,1685.0,1710.0,30114800
2022-06-27,1631.46533203125,1695.0,1710.0,1685.0,1710.0,23443100
2022-06-28,1636.2779541015625,1700.0,1720.0,1695.0,1710.0,71276400
2022-06-29,1626.65283203125,1690.0,1705.0,1690.0,1700.0,48413700
2022-06-30,1597.77734375,1660.0,1715.0,1660.0,1690.0,37727000
2022-07-01,1621.8402099609375,1685.0,1705.0,1670.0,1670.0,29391000
2022-07-04,1573.71435546875,1635.0,1700.0,1615.0,1680.0,51526900
2022-07-05,1626.65283203125,1690.0,1695.0,1630.0,1640.0,23903000
2022-07-06,1621.8402099609375,1685.0,1690.0,1665.0,1690.0,23649900
2022-07-07,1617.027587890625,1680.0,1695.0,1670.0,1685.0,16128800
2022-07-08,1607.40234375,1670.0,1685.0,1650.0,1675.0,27956500
2022-07-11,1636.2779541015625,1700.0,1700.0,1660.0,1675.0,14169600
2022-07-12,1617.027587890625,1680.0,1710.0,1680.0,1700.0,25137900
2022-07-13,1626.65283203125,1690.0,1700.0,1680.0,1700.0,46771600
2022-07-14,1655.5281982421875,1720.0,1720.0,1685.0,1690.0,62948300
2022-07-15,1617.027587890625,1680.0,1725.0,1680.0,1725.0,21810800
2022-07-18,1592.9647216796875,1655.0,1690.0,1650.0,1675.0,42585900
2022-07-19,1636.2779541015625,1700.0,1705.0,1670.0,1675.0,40514700
2022-07-20,1665.1534423828125,1730.0,1735.0,1685.0,1690.0,55562200
2022-07-21,1617.027587890625,1680.0,1730.0,1670.0,1730.0,48156000
2022-07-22,1650.7156982421875,1715.0,1715.0,1675.0,1690.0,39897000
2022-07-25,1626.65283203125,1690.0,1715.0,1670.0,1715.0,29266000
2022-07-26,1631.46533203125,1695.0,1710.0,1680.0,1710.0,27325600
2022-07-27,1626.65283203125,1690.0,1705.0,1675.0,1700.0,28115000
2022-07-28,1607.40234375,1670.0,1690.0,1665.0,1685.0,32757200
2022-07-29,1559.276611328125,1620.0,1680.0,1585.0,1670.0,99313700
2022-08-01,1525.588623046875,1585.0,1625.0,1570.0,1620.0,57374200
2022-08-02,1530.401123046875,1590.0,1600.0,1565.0,1590.0,54396100
2022-08-03,1530.401123046875,1590.0,1600.0,1575.0,1590.0,63652200
2022-08-04,1535.213623046875,1595.0,1600.0,1570.0,1600.0,93037900
2022-08-05,1530.401123046875,1590.0,1605.0,1590.0,1595.0,48888500
2022-08-08,1554.464111328125,1615.0,1615.0,1585.0,1615.0,39012000
2022-08-09,1525.588623046875,1585.0,1630.0,1585.0,1615.0,49268200
2022-08-10,1540.0262451171875,1600.0,1600.0,1575.0,1585.0,26886700
2022-08-11,1525.588623046875,1585.0,1610.0,1585.0,1610.0,39752900
2022-08-12,1554.464111328125,1615.0,1615.0,1585.0,1585.0,24070900
2022-08-15,1535.213623046875,1595.0,1625.0,1595.0,1625.0,26916300
2022-08-16,1573.71435546875,1635.0,1635.0,1595.0,1610.0,48444300
2022-08-18,1573.71435546875,1635.0,1670.0,1625.0,1645.0,91254000
2022-08-19,1549.6514892578125,1610.0,1640.0,1610.0,1635.0,25423300
2022-08-22,1549.6514892578125,1610.0,1620.0,1590.0,1610.0,28461400
2022-08-23,1564.0892333984375,1625.0,1645.0,1625.0,1630.0,49113600
2022-08-24,1554.464111328125,1615.0,1640.0,1605.0,1620.0,17502700
2022-08-25,1549.6514892578125,1610.0,1640.0,1610.0,1615.0,26101800
2022-08-26,1559.276611328125,1620.0,1635.0,1605.0,1630.0,26577900
2022-08-29,1568.9017333984375,1630.0,1640.0,1610.0,1610.0,17284600
2022-08-30,1568.9017333984375,1630.0,1660.0,1620.0,1660.0,64797200
2022-08-31,1617.027587890625,1680.0,1680.0,1600.0,1620.0,79897200
2022-09-01,1592.9647216796875,1655.0,1680.0,1640.0,1680.0,13257300
2022-09-02,1612.2149658203125,1675.0,1685.0,1655.0,1665.0,30355500
2022-09-05,1578.5269775390625,1640.0,1665.0,1640.0,1655.0,11291400
2022-09-06,1597.77734375,1660.0,1670.0,1635.0,1640.0,26368700
2022-09-07,1602.5899658203125,1665.0,1670.0,1650.0,1650.0,25598300
2022-09-08,1602.5899658203125,1665.0,1680.0,1660.0,1665.0,24542300
2022-09-09,1636.2779541015625,1700.0,1720.0,1675.0,1680.0,40502200
2022-09-12,1684.4036865234375,1750.0,1750.0,1710.0,1725.0,29347500
2022-09-13,1727.7169189453125,1795.0,1830.0,1760.0,1770.0,68663000
2022-09-14,1727.7169189453125,1795.0,1825.0,1745.0,1760.0,33147400
2022-09-15,1766.2176513671875,1835.0,1865.0,1810.0,1825.0,68525700
2022-09-16,1828.78125,1900.0,1900.0,1825.0,1835.0,112579900
2022-09-19,1804.71826171875,1875.0,1930.0,1855.0,1900.0,86049100
2022-09-20,1780.6553955078125,1850.0,1875.0,1840.0,1870.0,53757900
2022-09-21,1771.0302734375,1840.0,1850.0,1820.0,1845.0,48378000
2022-09-22,1785.468017578125,1855.0,1865.0,1825.0,1830.0,62485200
2022-09-23,1775.8427734375,1845.0,1850.0,1835.0,1850.0,35652700
2022-09-26,1780.6553955078125,1850.0,1855.0,1830.0,1845.0,81519600
2022-09-27,1780.6553955078125,1850.0,1865.0,1825.0,1825.0,79268200
2022-09-28,1751.7799072265625,1820.0,1855.0,1795.0,1855.0,40202000
2022-09-29,1761.405029296875,1830.0,1855.0,1790.0,1790.0,34876300
2022-09-30,1761.405029296875,1830.0,1850.0,1825.0,1830.0,50240300
2022-10-03,1742.15478515625,1810.0,1840.0,1800.0,1830.0,20938800
2022-10-04,1746.9674072265625,1815.0,1845.0,1790.0,1830.0,22605800
2022-10-05,1775.8427734375,1845.0,1850.0,1815.0,1815.0,16903000
2022-10-06,1780.6553955078125,1850.0,1865.0,1835.0,1850.0,33851500
2022-10-07,1775.8427734375,1845.0,1855.0,1830.0,1850.0,29216100
2022-10-10,1823.9686279296875,1895.0,1905.0,1835.0,1845.0,24787700
2022-10-11,1766.2176513671875,1835.0,1900.0,1835.0,1895.0,33465900
2022-10-12,1828.78125,1900.0,1900.0,1850.0,1850.0,23860300
2022-10-13,1790.2806396484375,1860.0,1860.0,1850.0,1860.0,67251900
2022-10-14,1775.8427734375,1845.0,1860.0,1845.0,1855.0,34128200
2022-10-17,1857.65673828125,1930.0,1945.0,1845.0,1845.0,93740100
2022-10-18,1828.78125,1900.0,1940.0,1885.0,1935.0,107641800
2022-10-19,1905.7825927734375,1980.0,1980.0,1875.0,1900.0,66266800
2022-10-20,1953.9083251953125,2030.0,2070.0,1945.0,1960.0,117918400
2022-10-21,1900.969970703125,1975.0,2050.0,1965.0,2030.0,65666200
2022-10-24,1920.2203369140625,1995.0,2050.0,1955.0,1975.0,30724200
2022-10-25,1925.0328369140625,2000.0,2070.0,1975.0,2020.0,44422400
2022-10-26,1963.5335693359375,2040.0,2050.0,2000.0,2000.0,22343400
2022-10-27,1934.6580810546875,2010.0,2040.0,2010.0,2030.0,59875500
2022-10-28,1944.2833251953125,2020.0,2030.0,1995.0,2030.0,37954400
2022-10-31,1973.15869140625,2050.0,2080.0,2020.0,2030.0,98912400
2022-11-01,1910.5950927734375,1985.0,2050.0,1975.0,2050.0,62496200
2022-11-02,1896.157470703125,1970.0,1980.0,1875.0,1945.0,80371900
2022-11-03,1896.157470703125,1970.0,1985.0,1930.0,1970.0,36548900
2022-11-04,1891.3448486328125,1965.0,1970.0,1910.0,1970.0,40378400
2022-11-07,1944.2833251953125,2020.0,2020.0,1955.0,1970.0,53098200
2022-11-08,1905.7825927734375,1980.0,2050.0,1955.0,2050.0,28466700
2022-11-09,1886.5322265625,1960.0,1990.0,1930.0,1970.0,50696100
2022-11-10,1905.7825927734375,1980.0,1980.0,1935.0,1950.0,26816600
2022-11-11,1925.0328369140625,2000.0,2040.0,1970.0,1980.0,67795400
2022-11-14,1934.6580810546875,2010.0,2060.0,1980.0,2060.0,17679800
2022-11-15,1953.9083251953125,2030.0,2050.0,2010.0,2030.0,29218700
2022-11-16,1953.9083251953125,2030.0,2030.0,2000.0,2030.0,17946700
2022-11-17,1953.9083251953125,2030.0,2050.0,2010.0,2030.0,18995500
2022-11-18,1982.783935546875,2060.0,2080.0,2010.0,2050.0,21737700
2022-11-21,2030.90966796875,2110.0,2150.0,2030.0,2080.0,36647800
2022-11-22,1944.2833251953125,2020.0,2150.0,2020.0,2150.0,29365400
2022-11-23,1973.15869140625,2050.0,2060.0,2000.0,2030.0,25096500
2022-11-24,1992.4090576171875,2070.0,2110.0,2010.0,2050.0,28228800
2022-11-25,2021.2845458984375,2100.0,2100.0,2020.0,2050.0,22959700
2022-11-28,2040.534912109375,2120.0,2150.0,2050.0,2090.0,44193200
2022-11-29,2021.2845458984375,2100.0,2140.0,2060.0,2130.0,34545100
2022-11-30,1992.4090576171875,2070.0,2140.0,2070.0,2100.0,199167700
2022-12-01,1973.15869140625,2050.0,2090.0,2010.0,2050.0,36250600
2022-12-02,1982.783935546875,2060.0,2060.0,2010.0,2010.0,20615100
2022-12-05,1982.783935546875,2060.0,2090.0,2010.0,2030.0,23264800
2022-12-06,1953.9083251953125,2030.0,2060.0,1960.0,2060.0,29565600
2022-12-07,1953.9083251953125,2030.0,2040.0,1995.0,2020.0,39551300
2022-12-08,2059.78515625,2140.0,2140.0,2000.0,2020.0,26193800
2022-12-09,2050.16015625,2130.0,2140.0,2060.0,2140.0,31532700
2022-12-12,2069.410400390625,2150.0,2170.0,2060.0,2130.0,35819700
2022-12-13,2030.90966796875,2110.0,2170.0,2090.0,2160.0,32483200
2022-12-14,2040.534912109375,2120.0,2150.0,2090.0,2110.0,21458700
2022-12-15,1973.15869140625,2050.0,2110.0,2040.0,2080.0,42287000
2022-12-16,2040.534912109375,2120.0,2120.0,2020.0,2030.0,78765700
2022-12-19,2088.66064453125,2170.0,2170.0,2060.0,2100.0,33261000
2022-12-20,2021.2845458984375,2100.0,2170.0,2070.0,2130.0,20441700
2022-12-21,2021.2845458984375,2100.0,2100.0,2050.0,2090.0,23249900
2022-12-22,1982.783935546875,2060.0,2090.0,2040.0,2070.0,25628500
2022-12-23,1963.5335693359375,2040.0,2070.0,2020.0,2050.0,21975000
2022-12-26,1992.4090576171875,2070.0,2080.0,2020.0,2040.0,11136200
2022-12-27,1953.9083251953125,2030.0,2080.0,2020.0,2080.0,11941300
2022-12-28,1953.9083251953125,2030.0,2040.0,2020.0,2030.0,17306900
2022-12-29,2011.6593017578125,2090.0,2090.0,2020.0,2020.0,20241300
2022-12-30,2011.6593017578125,2090.0,2090.0,2040.0,2080.0,24171100
2023-01-02,1982.783935546875,2060.0,2110.0,2060.0,2090.0,2631000
2023-01-03,2040.534912109375,2120.0,2140.0,2050.0,2050.0,9282100
2023-01-04,2011.6593017578125,2090.0,2140.0,2080.0,2120.0,18204200
2023-01-05,1992.4090576171875,2070.0,2110.0,2040.0,2090.0,24355100
2023-01-06,1973.15869140625,2050.0,2070.0,2020.0,2050.0,24694200
2023-01-09,2021.2845458984375,2100.0,2100.0,2040.0,2070.0,16257600
2023-01-10,1973.15869140625,2050.0,2110.0,2040.0,2100.0,22750900
2023-01-11,1963.5335693359375,2040.0,2070.0,2020.0,2050.0,20078400
2023-01-12,1944.2833251953125,2020.0,2050.0,2020.0,2030.0,25827400
2023-01-13,1973.15869140625,2050.0,2060.0,2000.0,2030.0,27201200
2023-01-16,1982.783935546875,2060.0,2060.0,2020.0,2050.0,26503700
2023-01-17,1992.4090576171875,2070.0,2090.0,2050.0,2060.0,19593900
2023-01-18,2011.6593017578125,2090.0,2090.0,2030.0,2080.0,25470900
2023-01-19,2021.2845458984375,2100.0,2100.0,2050.0,2070.0,13570700
2023-01-20,1982.783935546875,2060.0,2100.0,2060.0,2100.0,15027500
2023-01-24,1982.783935546875,2060.0,2080.0,2030.0,2040.0,12531800
2023-01-25,1973.15869140625,2050.0,2080.0,2030.0,2060.0,12840200
2023-01-26,1963.5335693359375,2040.0,2060.0,2020.0,2050.0,20288500
2023-01-27,1973.15869140625,2050.0,2060.0,2030.0,2040.0,23462500
2023-01-30,2069.410400390625,2150.0,2150.0,2020.0,2050.0,22700400
2023-01-31,1982.783935546875,2060.0,2160.0,2050.0,2150.0,72512700
2023-02-01,2002.0341796875,2080.0,2090.0,2060.0,2060.0,23314300
2023-02-02,2117.5361328125,2200.0,2200.0,2080.0,2100.0,67982100
2023-02-03,2098.285888671875,2180.0,2270.0,2170.0,2200.0,21774000
2023-02-06,2088.66064453125,2170.0,2190.0,2110.0,2150.0,23459000
2023-02-07,2127.161376953125,2210.0,2250.0,2140.0,2170.0,18130200
2023-02-08,2165.661865234375,2250.0,2270.0,2180.0,2180.0,24568500
2023-02-09,2165.661865234375,2250.0,2270.0,2190.0,2250.0,21628300
2023-02-10,2271.538818359375,2360.0,2360.0,2210.0,2250.0,30431100
2023-02-13,2146.411865234375,2230.0,2360.0,2230.0,2360.0,27916400
2023-02-14,2242.663330078125,2330.0,2350.0,2200.0,2230.0,33642000
2023-02-15,2223.4130859375,2310.0,2320.0,2270.0,2300.0,18109600
2023-02-16,2204.16259765625,2290.0,2310.0,2280.0,2290.0,10569500
2023-02-17,2165.661865234375,2250.0,2330.0,2240.0,2280.0,22609100
2023-02-20,2213.787841796875,2300.0,2300.0,2250.0,2260.0,18255500
2023-02-21,2204.16259765625,2290.0,2310.0,2260.0,2300.0,12838200
2023-02-22,2079.035400390625,2160.0,2280.0,2130.0,2280.0,56438400
2023-02-23,2098.285888671875,2180.0,2180.0,2030.0,2150.0,56207900
2023-02-24,2184.912353515625,2270.0,2270.0,2150.0,2170.0,22398100
2023-02-27,2088.66064453125,2170.0,2240.0,2120.0,2240.0,39487100
2023-02-28,2030.90966796875,2110.0,2180.0,2110.0,2170.0,92212400
2023-03-01,2030.90966796875,2110.0,2140.0,2090.0,2100.0,13968900
2023-03-02,2021.2845458984375,2100.0,2130.0,2100.0,2120.0,15271000
2023-03-03,1982.783935546875,2060.0,2120.0,2040.0,2100.0,39606500
2023-03-06,2030.90966796875,2110.0,2120.0,2070.0,2080.0,27319100
2023-03-07,2002.0341796875,2080.0,2110.0,2060.0,2100.0,24611800
2023-03-08,2021.2845458984375,2100.0,2120.0,2050.0,2080.0,24318700
2023-03-09,2002.0341796875,2080.0,2100.0,2080.0,2100.0,16285200
2023-03-10,1982.783935546875,2060.0,2090.0,2050.0,2080.0,21501800
2023-03-13,2030.90966796875,2110.0,2110.0,2050.0,2050.0,19186000
2023-03-14,2011.6593017578125,2090.0,2120.0,2070.0,2110.0,19329800
2023-03-15,1992.4090576171875,2070.0,2120.0,2070.0,2090.0,25129200
2023-03-16,2050.16015625,2130.0,2150.0,2080.0,2080.0,24002300
2023-03-17,2136.78662109375,2220.0,2220.0,2150.0,2150.0,118558700
2023-03-20,2088.66064453125,2170.0,2220.0,2130.0,2220.0,14432700
2023-03-21,2127.161376953125,2210.0,2210.0,2130.0,2160.0,33220400
2023-03-24,2050.16015625,2130.0,2350.0,2130.0,2350.0,36062700
2023-03-27,2021.2845458984375,2100.0,2160.0,2090.0,2160.0,18006100
2023-03-28,2069.410400390625,2150.0,2190.0,2120.0,2130.0,33190400
2023-03-29,2117.5361328125,2200.0,2220.0,2150.0,2190.0,35518000
2023-03-30,2088.66064453125,2170.0,2210.0,2140.0,2200.0,21147600
2023-03-31,2021.2845458984375,2100.0,2170.0,2090.0,2160.0,39487500
2023-04-03,2002.0341796875,2080.0,2100.0,2040.0,2100.0,39144600
2023-04-04,2021.2845458984375,2100.0,2130.0,2070.0,2080.0,39340200
2023-04-05,2011.6593017578125,2090.0,2150.0,2090.0,2110.0,21920600
2023-04-06,1973.15869140625,2050.0,2100.0,2050.0,2100.0,16191700
2023-04-10,1992.4090576171875,2070.0,2070.0,2030.0,2050.0,14604800
2023-04-11,1992.4090576171875,2070.0,2080.0,2050.0,2070.0,12614600
2023-04-12,1963.5335693359375,2040.0,2060.0,2020.0,2060.0,40144000
2023-04-13,1953.9083251953125,2030.0,2060.0,2030.0,2060.0,21326200
2023-04-14,1982.783935546875,2060.0,2080.0,2040.0,2040.0,30646000
2023-04-17,1963.5335693359375,2040.0,2090.0,2030.0,2070.0,43702800
2023-04-18,1982.783935546875,2060.0,2080.0,2030.0,2030.0,25079900
2023-04-26,2002.0341796875,2080.0,2090.0,2020.0,2040.0,77840300
2023-04-27,2040.534912109375,2120.0,2120.0,2070.0,2080.0,11342900
2023-04-28,2040.534912109375,2120.0,2130.0,2060.0,2120.0,26544400
2023-05-02,1992.4090576171875,2070.0,2120.0,2030.0,2120.0,38222900
2023-05-03,1982.783935546875,2060.0,2060.0,2020.0,2060.0,68209600
2023-05-04,2011.6593017578125,2090.0,2090.0,2040.0,2060.0,31081500
2023-05-05,2069.410400390625,2150.0,2150.0,2070.0,2090.0,24418800
2023-05-08,2021.2845458984375,2100.0,2150.0,2070.0,2150.0,31552100
2023-05-09,1982.783935546875,2060.0,2100.0,2060.0,2080.0,14251400
2023-05-10,1982.783935546875,2060.0,2110.0,2060.0,2060.0,19898500
2023-05-11,2050.16015625,2130.0,2130.0,2060.0,2070.0,45802400
2023-05-12,2067.800048828125,2110.0,2120.0,2070.0,2090.0,20176200
2023-05-15,2097.199951171875,2140.0,2140.0,2100.0,2110.0,17513900
2023-05-16,2156.0,2200.0,2200.0,2120.0,2140.0,18569300
2023-05-17,2116.800048828125,2160.0,2190.0,2130.0,2190.0,17462800
2023-05-19,2126.60009765625,2170.0,2170.0,2070.0,2160.0,30346900
2023-05-22,2087.400146484375,2130.0,2180.0,2120.0,2170.0,20090900
2023-05-23,2077.60009765625,2120.0,2160.0,2100.0,2110.0,42918300
2023-05-24,1999.2000732421875,2040.0,2120.0,2040.0,2090.0,57639500
2023-05-25,2009.0,2050.0,2080.0,2040.0,2040.0,28601500
2023-05-26,2009.0,2050.0,2080.0,2040.0,2050.0,23341900
2023-05-29,2067.800048828125,2110.0,2110.0,2050.0,2050.0,28726300
2023-05-30,2028.60009765625,2070.0,2130.0,2070.0,2110.0,18171400
2023-05-31,1989.4000244140625,2030.0,2100.0,2030.0,2070.0,270941900
2023-06-05,2009.0,2050.0,2090.0,2030.0,2070.0,72504600
2023-06-06,1999.2000732421875,2040.0,2070.0,1920.0,2050.0,71091800
2023-06-07,2009.0,2050.0,2050.0,2000.0,2030.0,65246600
2023-06-08,1999.2000732421875,2040.0,2070.0,2030.0,2050.0,17271000
2023-06-09,2009.0,2050.0,2070.0,2020.0,2040.0,34354400
2023-06-12,2018.800048828125,2060.0,2070.0,2030.0,2070.0,22303000
2023-06-13,2038.4000244140625,2080.0,2080.0,2030.0,2060.0,22482300
2023-06-14,2009.0,2050.0,2080.0,2040.0,2080.0,26515000
2023-06-15,2038.4000244140625,2080.0,2080.0,2030.0,2050.0,22591500
2023-06-16,2058.0,2100.0,2100.0,2040.0,2070.0,56618400
2023-06-19,2028.60009765625,2070.0,2080.0,2050.0,2060.0,12624000
2023-06-20,2028.60009765625,2070.0,2080.0,2050.0,2070.0,18373900
2023-06-21,2009.0,2050.0,2080.0,2050.0,2080.0,19151200
2023-06-22,1979.60009765625,2020.0,2060.0,2020.0,2060.0,45701700
2023-06-23,2009.0,2050.0,2060.0,2000.0,2020.0,29118600
2023-06-26,2028.60009765625,2070.0,2070.0,2040.0,2060.0,12739800
2023-06-27,2009.0,2050.0,2060.0,2040.0,2040.0,34950500
2023-07-03,1979.60009765625,2020.0,2060.0,2020.0,2050.0,63533500
2023-07-04,1945.300048828125,1985.0,2030.0,1965.0,2020.0,75416000
2023-07-05,1969.800048828125,2010.0,2030.0,1985.0,1985.0,51042500
2023-07-06,1950.2000732421875,1990.0,2010.0,1985.0,2000.0,39236900
2023-07-07,1950.2000732421875,1990.0,1995.0,1975.0,1990.0,39362000
2023-07-10,1960.0,2000.0,2020.0,1990.0,1990.0,32144400
2023-07-11,1989.4000244140625,2030.0,2030.0,1995.0,2000.0,28824700
2023-07-12,1960.0,2000.0,2030.0,1995.0,2020.0,40082300
2023-07-13,1979.60009765625,2020.0,2060.0,2000.0,2000.0,37406000
2023-07-14,2028.60009765625,2070.0,2090.0,2030.0,2040.0,29285700
2023-07-17,1979.60009765625,2020.0,2090.0,2020.0,2070.0,39937300
2023-07-18,1960.0,2000.0,2040.0,1980.0,2040.0,65524300
2023-07-20,1911.0,1950.0,2000.0,1950.0,1990.0,79634100
2023-07-21,1930.60009765625,1970.0,1970.0,1925.0,1950.0,42962900
2023-07-24,1930.60009765625,1970.0,1985.0,1960.0,1970.0,24367300
2023-07-25,1925.7000732421875,1965.0,1965.0,1940.0,1960.0,40692500
2023-07-26,1896.300048828125,1935.0,1970.0,1925.0,1970.0,25482000
2023-07-27,1866.9000244140625,1905.0,1925.0,1905.0,1920.0,62633600
2023-07-28,1871.800048828125,1910.0,1925.0,1895.0,1905.0,44609300
2023-07-31,1876.7000732421875,1915.0,1935.0,1885.0,1915.0,70534200
2023-08-01,1768.9000244140625,1805.0,1910.0,1795.0,1900.0,125530500
2023-08-02,1759.0999755859375,1795.0,1810.0,1770.0,1805.0,91491000
2023-08-03,1847.300048828125,1885.0,1895.0,1810.0,1820.0,40142500
2023-08-04,1837.5,1875.0,1895.0,1860.0,1885.0,17972100
2023-08-07,1813.0,1850.0,1905.0,1850.0,1905.0,38131200
2023-08-08,1817.9000244140625,1855.0,1875.0,1845.0,1845.0,19920800
2023-08-09,1837.5,1875.0,1875.0,1855.0,1855.0,17220000
2023-08-10,1808.0999755859375,1845.0,1875.0,1825.0,1875.0,31667300
2023-08-11,1813.0,1850.0,1855.0,1830.0,1840.0,16674600
2023-08-14,1813.0,1850.0,1855.0,1815.0,1855.0,36798900
2023-08-15,1813.0,1850.0,1875.0,1845.0,1865.0,23619600
2023-08-16,1832.5999755859375,1870.0,1870.0,1835.0,1850.0,12646100
2023-08-18,1808.0999755859375,1845.0,1870.0,1840.0,1870.0,50347600
2023-08-21,1808.0999755859375,1845.0,1860.0,1830.0,1845.0,12787100
2023-08-22,1817.9000244140625,1855.0,1855.0,1825.0,1830.0,14606900
2023-08-23,1773.800048828125,1810.0,1855.0,1810.0,1850.0,34969400
2023-08-24,1773.800048828125,1810.0,1825.0,1805.0,1810.0,28276000
2023-08-25,1773.800048828125,1810.0,1820.0,1800.0,1820.0,16350700
2023-08-28,1768.9000244140625,1805.0,1825.0,1805.0,1815.0,13537400
2023-08-29,1822.800048828125,1860.0,1875.0,1805.0,1815.0,29399700
2023-08-30,1808.0999755859375,1845.0,1870.0,1830.0,1860.0,18648400
2023-08-31,1778.7000732421875,1815.0,1840.0,1815.0,1840.0,48819500
2023-09-01,1739.5,1775.0,1820.0,1760.0,1820.0,25897000
2023-09-04,1749.300048828125,1785.0,1820.0,1740.0,1775.0,33778600
2023-09-05,1734.5999755859375,1770.0,1785.0,1755.0,1785.0,26047300
2023-09-06,1705.2000732421875,1740.0,1765.0,1735.0,1760.0,29734200
2023-09-07,1670.9000244140625,1705.0,1740.0,1670.0,1735.0,59123900
2023-09-08,1685.5999755859375,1720.0,1720.0,1660.0,1700.0,55673400
2023-09-11,1822.800048828125,1860.0,1860.0,1720.0,1720.0,58535600
2023-09-12,1783.5999755859375,1820.0,1865.0,1805.0,1855.0,41058000
2023-09-13,1749.300048828125,1785.0,1820.0,1760.0,1820.0,40498300
2023-09-14,1749.300048828125,1785.0,1825.0,1775.0,1785.0,35127100
2023-09-15,1729.7000732421875,1765.0,1800.0,1755.0,1765.0,64227000
2023-09-18,1778.7000732421875,1815.0,1840.0,1765.0,1765.0,29281000
2023-09-19,1754.2000732421875,1790.0,1820.0,1780.0,1820.0,26756200
2023-09-20,1715.0,1750.0,1795.0,1750.0,1790.0,41154900
2023-09-21,1778.7000732421875,1815.0,1815.0,1740.0,1750.0,32625300
2023-09-22,1744.4000244140625,1780.0,1820.0,1780.0,1815.0,23992200
2023-09-25,1739.5,1775.0,1810.0,1775.0,1785.0,21196100
2023-09-26,1768.9000244140625,1805.0,1810.0,1780.0,1780.0,18365400
2023-09-27,1719.9000244140625,1755.0,1805.0,1750.0,1805.0,18244000
2023-09-29,1719.9000244140625,1755.0,1775.0,1745.0,1755.0,22639600
2023-10-02,1749.300048828125,1785.0,1795.0,1750.0,1750.0,23826000
2023-10-03,1759.0999755859375,1795.0,1800.0,1760.0,1785.0,17612700
2023-10-04,1729.7000732421875,1765.0,1785.0,1740.0,1770.0,28841300
2023-10-05,1798.300048828125,1835.0,1860.0,1770.0,1780.0,32076300
2023-10-06,1798.300048828125,1835.0,1860.0,1835.0,1840.0,23319900
2023-10-09,1744.4000244140625,1780.0,1830.0,1780.0,1825.0,19018900
2023-10-10,1719.9000244140625,1755.0,1795.0,1755.0,1780.0,14881700
2023-10-11,1715.0,1750.0,1770.0,1745.0,1770.0,21443100
2023-10-12,1705.2000732421875,1740.0,1760.0,1740.0,1750.0,15541900
2023-10-13,1715.0,1750.0,1765.0,1730.0,1730.0,11069700
2023-10-16,1724.800048828125,1760.0,1775.0,1755.0,1765.0,6388200
2023-10-17,1788.5,1825.0,1870.0,1770.0,1770.0,38125100
2023-10-18,1768.9000244140625,1805.0,1830.0,1805.0,1825.0,7358800
2023-10-19,1764.0,1800.0,1810.0,1775.0,1805.0,30146000
2023-10-20,1734.5999755859375,1770.0,1830.0,1760.0,1800.0,17027100
2023-10-23,1734.5999755859375,1770.0,1790.0,1760.0,1780.0,14040000
2023-10-24,1788.5,1825.0,1865.0,1770.0,1770.0,32868900
2023-10-25,1724.800048828125,1760.0,1830.0,1760.0,1830.0,25913500
2023-10-26,1715.0,1750.0,1775.0,1750.0,1760.0,14364300
2023-10-27,1719.9000244140625,1755.0,1775.0,1750.0,1775.0,16699100
2023-10-30,1670.9000244140625,1705.0,1760.0,1690.0,1750.0,24521300
2023-10-31,1656.2000732421875,1690.0,1750.0,1585.0,1705.0,84591000
2023-11-01,1572.9000244140625,1605.0,1670.0,1550.0,1670.0,90226000
2023-11-02,1563.0999755859375,1595.0,1690.0,1580.0,1605.0,61585900
2023-11-03,1558.2000732421875,1590.0,1620.0,1570.0,1595.0,32629000
2023-11-06,1582.7000732421875,1615.0,1635.0,1590.0,1595.0,22496600
2023-11-07,1572.9000244140625,1605.0,1625.0,1595.0,1610.0,28239600
2023-11-08,1582.7000732421875,1615.0,1615.0,1585.0,1610.0,21281000
2023-11-09,1587.5999755859375,1620.0,1645.0,1615.0,1615.0,14238800
2023-11-10,1558.2000732421875,1590.0,1625.0,1585.0,1620.0,16704000
2023-11-13,1568.0,1600.0,1635.0,1595.0,1605.0,14028100
2023-11-14,1572.9000244140625,1605.0,1620.0,1560.0,1590.0,24224400
2023-11-15,1577.800048828125,1610.0,1625.0,1590.0,1615.0,30926600
2023-11-16,1582.7000732421875,1615.0,1615.0,1580.0,1610.0,44734100
2023-11-17,1587.5999755859375,1620.0,1620.0,1585.0,1605.0,43668800
2023-11-20,1592.5,1625.0,1630.0,1600.0,1615.0,14474100
2023-11-21,1572.9000244140625,1605.0,1620.0,1595.0,1615.0,30532300
2023-11-22,1612.0999755859375,1645.0,1680.0,1620.0,1620.0,28702700
2023-11-23,1607.2000732421875,1640.0,1675.0,1635.0,1645.0,22415700
2023-11-24,1563.0999755859375,1595.0,1650.0,1590.0,1640.0,23731900
2023-11-27,1592.5,1625.0,1640.0,1595.0,1605.0,25615200
2023-11-28,1572.9000244140625,1605.0,1640.0,1600.0,1625.0,48173500
2023-11-29,1572.9000244140625,1605.0,1635.0,1600.0,1610.0,22564800
2023-11-30,1582.7000732421875,1615.0,1650.0,1585.0,1600.0,138930200
2023-12-01,1631.7000732421875,1665.0,1695.0,1605.0,1610.0,37087700
2023-12-04,1607.2000732421875,1640.0,1670.0,1635.0,1665.0,16280100
2023-12-05,1626.800048828125,1660.0,1680.0,1620.0,1645.0,21335900
2023-12-06,1666.0,1700.0,1735.0,1675.0,1680.0,34553800
2023-12-07,1636.5999755859375,1670.0,1725.0,1650.0,1700.0,28217700
2023-12-08,1612.0999755859375,1645.0,1680.0,1620.0,1670.0,21423900
2023-12-11,1597.4000244140625,1630.0,1645.0,1605.0,1645.0,24836400
2023-12-12,1577.800048828125,1610.0,1635.0,1600.0,1630.0,13677300
2023-12-13,1577.800048828125,1610.0,1610.0,1575.0,1610.0,58989200
2023-12-14,1568.0,1600.0,1620.0,1595.0,1615.0,42641800
2023-12-15,1568.0,1600.0,1620.0,1555.0,1555.0,124244000
2023-12-18,1582.7000732421875,1615.0,1620.0,1590.0,1610.0,33861800
2023-12-19,1626.800048828125,1660.0,1665.0,1600.0,1620.0,35486800
2023-12-20,1582.7000732421875,1615.0,1670.0,1610.0,1670.0,23730800
2023-12-21,1568.0,1600.0,1620.0,1595.0,1615.0,15974500
2023-12-22,1553.300048828125,1585.0,1620.0,1585.0,1605.0,24334200
2023-12-27,1587.5999755859375,1620.0,1630.0,1580.0,1600.0,17926300
2023-12-28,1587.5999755859375,1620.0,1625.0,1605.0,1620.0,12132400
2023-12-29,1577.800048828125,1610.0,1630.0,1600.0,1625.0,9755000
2024-01-02,1587.5999755859375,1620.0,1620.0,1600.0,1610.0,9431600
2024-01-03,1572.9000244140625,1605.0,1620.0,1595.0,1620.0,11021100
2024-01-04,1558.2000732421875,1590.0,1620.0,1590.0,1605.0,16377400
2024-01-05,1548.4000244140625,1580.0,1605.0,1580.0,1600.0,35255400
2024-01-08,1558.2000732421875,1590.0,1600.0,1555.0,1580.0,132829500
2024-01-09,1558.2000732421875,1590.0,1595.0,1560.0,1590.0,82106400
2024-01-10,1548.4000244140625,1580.0,1595.0,1580.0,1590.0,26139600
2024-01-11,1563.0999755859375,1595.0,1600.0,1565.0,1590.0,30429900
2024-01-12,1563.0999755859375,1595.0,1600.0,1565.0,1585.0,69328700
2024-01-15,1558.2000732421875,1590.0,1595.0,1580.0,1595.0,20946300
2024-01-16,1553.300048828125,1585.0,1610.0,1580.0,1590.0,29062200
2024-01-17,1548.4000244140625,1580.0,1600.0,1555.0,1585.0,186920700
2024-01-18,1548.4000244140625,1580.0,1590.0,1555.0,1570.0,58898900
2024-01-19,1523.9000244140625,1555.0,1580.0,1555.0,1580.0,21475600
2024-01-22,1523.9000244140625,1555.0,1565.0,1530.0,1555.0,38130800
2024-01-23,1523.9000244140625,1555.0,1560.0,1525.0,1555.0,63568200
2024-01-24,1563.0999755859375,1595.0,1595.0,1550.0,1555.0,19226900
2024-01-25,1543.5,1575.0,1600.0,1575.0,1600.0,13335500
2024-01-26,1509.2000732421875,1540.0,1575.0,1530.0,1575.0,18469700
2024-01-29,1479.800048828125,1510.0,1540.0,1475.0,1540.0,65901500
2024-01-30,1479.800048828125,1510.0,1515.0,1475.0,1495.0,37016900
2024-01-31,1479.800048828125,1510.0,1530.0,1495.0,1500.0,49470200
2024-02-01,1479.800048828125,1510.0,1515.0,1475.0,1510.0,93332300
2024-02-02,1509.2000732421875,1540.0,1540.0,1495.0,1510.0,43348900
2024-02-05,1514.0999755859375,1545.0,1555.0,1510.0,1540.0,40439700
2024-02-06,1514.0999755859375,1545.0,1550.0,1510.0,1545.0,46060600
2024-02-07,1470.0,1500.0,1555.0,1500.0,1545.0,42017800
2024-02-12,1460.2000732421875,1490.0,1515.0,1485.0,1505.0,32025600
2024-02-13,1450.4000244140625,1480.0,1510.0,1480.0,1490.0,44531200
2024-02-15,1425.9000244140625,1455.0,1510.0,1455.0,1500.0,46620500
2024-02-16,1455.300048828125,1485.0,1495.0,1430.0,1455.0,88428200
2024-02-19,1440.5999755859375,1470.0,1490.0,1455.0,1485.0,48617400
2024-02-20,1470.0,1500.0,1515.0,1470.0,1470.0,42400100
2024-02-21,1460.2000732421875,1490.0,1500.0,1470.0,1500.0,33174100
2024-02-22,1455.300048828125,1485.0,1490.0,1460.0,1490.0,26672500
2024-02-23,1445.5,1475.0,1485.0,1455.0,1485.0,36344800
2024-02-26,1440.5999755859375,1470.0,1480.0,1445.0,1470.0,67334500
2024-02-27,1430.800048828125,1460.0,1470.0,1445.0,1470.0,23172600
2024-02-28,1425.9000244140625,1455.0,1465.0,1450.0,1460.0,9295000
2024-02-29,1460.2000732421875,1490.0,1490.0,1445.0,1455.0,61501900
2024-03-01,1460.2000732421875,1490.0,1495.0,1470.0,1485.0,31150600
2024-03-04,1470.0,1500.0,1505.0,1470.0,1490.0,42941300
2024-03-05,1455.300048828125,1485.0,1510.0,1485.0,1490.0,18808600
2024-03-06,1470.0,1500.0,1500.0,1485.0,1485.0,11294200
2024-03-07,1435.7000732421875,1465.0,1500.0,1465.0,1490.0,22144800
2024-03-08,1411.2000732421875,1440.0,1470.0,1440.0,1465.0,40731700
2024-03-13,1396.5,1425.0,1470.0,1425.0,1460.0,35365600
2024-03-14,1406.300048828125,1435.0,1445.0,1420.0,1430.0,26353000
2024-03-15,1401.4000244140625,1430.0,1445.0,1405.0,1425.0,159383200
2024-03-18,1386.7000732421875,1415.0,1440.0,1415.0,1430.0,32143000
2024-03-19,1386.7000732421875,1415.0,1440.0,1415.0,1420.0,40795900
2024-03-20,1450.4000244140625,1480.0,1480.0,1420.0,1420.0,25865500
2024-03-21,1430.800048828125,1460.0,1510.0,1460.0,1485.0,42424300
2024-03-22,1455.300048828125,1485.0,1515.0,1475.0,1485.0,12094700
2024-03-25,1489.5999755859375,1520.0,1520.0,1485.0,1520.0,22175400
2024-03-26,1474.9000244140625,1505.0,1535.0,1500.0,1535.0,32682200
2024-03-27,1430.800048828125,1460.0,1515.0,1460.0,1515.0,20490100
2024-03-28,1445.5,1475.0,1485.0,1450.0,1475.0,30183200
2024-04-01,1435.7000732421875,1465.0,1480.0,1450.0,1480.0,30519700
2024-04-02,1445.5,1475.0,1475.0,1435.0,1475.0,46015200
2024-04-03,1470.0,1500.0,1510.0,1460.0,1480.0,38921200
2024-04-04,1470.0,1500.0,1505.0,1480.0,1505.0,12988800
2024-04-05,1450.4000244140625,1480.0,1500.0,1480.0,1500.0,5654100
2024-04-16,1421.0,1450.0,1510.0,1440.0,1510.0,47729000
2024-04-17,1425.9000244140625,1455.0,1525.0,1450.0,1475.0,24631000
2024-04-18,1386.7000732421875,1415.0,1465.0,1410.0,1465.0,25353800
2024-04-19,1372.0,1400.0,1420.0,1375.0,1420.0,21853800
2024-04-22,1376.9000244140625,1405.0,1420.0,1385.0,1410.0,19470000
2024-04-23,1396.5,1425.0,1440.0,1400.0,1420.0,14086900
2024-04-24,1376.9000244140625,1405.0,1420.0,1395.0,1415.0,18850300
2024-04-25,1401.4000244140625,1430.0,1460.0,1410.0,1420.0,20178700
2024-04-26,1376.9000244140625,1405.0,1450.0,1405.0,1450.0,17000000
2024-04-29,1376.9000244140625,1405.0,1440.0,1395.0,1425.0,49323400
2024-04-30,1425.9000244140625,1455.0,1495.0,1405.0,1410.0,51225600
2024-05-02,1460.2000732421875,1490.0,1510.0,1455.0,1490.0,58959900
2024-05-03,1460.2000732421875,1490.0,1515.0,1460.0,1505.0,24941100
2024-05-06,1425.9000244140625,1455.0,1535.0,1440.0,1535.0,29176400
2024-05-07,1416.0999755859375,1445.0,1465.0,1440.0,1450.0,31043500
2024-05-08,1391.5999755859375,1420.0,1465.0,1415.0,1455.0,48390500
2024-05-13,1396.5,1425.0,1440.0,1405.0,1430.0,37882500
2024-05-14,1381.800048828125,1410.0,1445.0,1405.0,1430.0,36320000
2024-05-15,1416.0999755859375,1445.0,1465.0,1415.0,1420.0,36425200
2024-05-16,1416.0999755859375,1445.0,1450.0,1435.0,1445.0,36922100
2024-05-17,1470.0,1500.0,1530.0,1450.0,1450.0,53345000
2024-05-20,1499.4000244140625,1530.0,1530.0,1505.0,1505.0,23932100
2024-05-21,1474.9000244140625,1505.0,1535.0,1490.0,1535.0,46767000
2024-05-22,1528.800048828125,1560.0,1575.0,1510.0,1530.0,55916700
2024-05-27,1533.7000732421875,1565.0,1580.0,1530.0,1560.0,48754200
2024-05-28,1519.0,1550.0,1575.0,1540.0,1560.0,27878800
2024-05-29,1515.0,1515.0,1535.0,1480.0,1530.0,29138000
2024-05-30,1520.0,1520.0,1555.0,1495.0,1525.0,30139500
2024-05-31,1490.0,1490.0,1545.0,1490.0,1545.0,117693500
2024-06-03,1520.0,1520.0,1540.0,1475.0,1475.0,28092300
2024-06-04,1540.0,1540.0,1565.0,1525.0,1535.0,30497600
2024-06-05,1550.0,1550.0,1575.0,1530.0,1575.0,73123500
2024-06-06,1575.0,1575.0,1595.0,1550.0,1570.0,69323600
2024-06-07,1600.0,1600.0,1615.0,1565.0,1575.0,68422100
2024-06-10,1595.0,1595.0,1620.0,1585.0,1605.0,36525400
2024-06-11,1555.0,1555.0,1605.0,1555.0,1590.0,26347800
2024-06-12,1565.0,1565.0,1590.0,1545.0,1590.0,10933200
2024-06-13,1565.0,1565.0,1595.0,1555.0,1565.0,24309100
2024-06-14,1565.0,1565.0,1600.0,1560.0,1565.0,19618600
2024-06-19,1555.0,1555.0,1595.0,1530.0,1575.0,24324500
2024-06-20,1560.0,1560.0,1580.0,1535.0,1560.0,16419000
2024-06-21,1570.0,1570.0,1595.0,1560.0,1560.0,46830200
2024-06-24,1550.0,1550.0,1570.0,1545.0,1565.0,38790000
2024-06-25,1525.0,1525.0,1545.0,1520.0,1545.0,18020100
2024-06-26,1535.0,1535.0,1540.0,1520.0,1525.0,11745400
2024-06-27,1540.0,1540.0,1555.0,1530.0,1545.0,16625500
2024-06-28,1525.0,1525.0,1550.0,1525.0,1525.0,25765800
2024-07-01,1505.0,1505.0,1545.0,1505.0,1540.0,19433500
2024-07-02,1440.0,1440.0,1510.0,1430.0,1505.0,62377100
2024-07-03,1455.0,1455.0,1465.0,1435.0,1450.0,29725600
2024-07-04,1470.0,1470.0,1485.0,1445.0,1455.0,20834000
2024-07-05,1490.0,1490.0,1525.0,1465.0,1475.0,17277000
2024-07-08,1560.0,1560.0,1560.0,1500.0,1505.0,47099200
2024-07-09,1550.0,1550.0,1570.0,1550.0,1560.0,31780300
2024-07-10,1530.0,1530.0,1550.0,1525.0,1550.0,9716000
2024-07-11,1565.0,1565.0,1570.0,1530.0,1540.0,21348500
2024-07-12,1560.0,1560.0,1590.0,1555.0,1580.0,29000600
2024-07-15,1560.0,1560.0,1570.0,1555.0,1565.0,17232700
2024-07-16,1565.0,1565.0,1575.0,1560.0,1575.0,47366600
2024-07-17,1570.0,1570.0,1590.0,1550.0,1585.0,42543100
2024-07-18,1570.0,1570.0,1585.0,1550.0,1550.0,27278200
2024-07-19,1575.0,1575.0,1600.0,1555.0,1555.0,49564300
2024-07-22,1575.0,1575.0,1600.0,1565.0,1600.0,16838600
2024-07-23,1575.0,1575.0,1590.0,1565.0,1565.0,14509200
2024-07-24,1575.0,1575.0,1585.0,1565.0,1580.0,15333000
2024-07-25,1590.0,1590.0,1595.0,1555.0,1580.0,18442600
2024-07-26,1575.0,1575.0,1600.0,1570.0,1600.0,27215900
2024-07-29,1560.0,1560.0,1575.0,1545.0,1575.0,34373400
2024-07-30,1565.0,1565.0,1570.0,1540.0,1570.0,18284100
2024-07-31,1590.0,1590.0,1610.0,1560.0,1570.0,39831000
2024-08-01,1650.0,1650.0,1670.0,1590.0,1590.0,68481800
2024-08-02,1640.0,1640.0,1650.0,1615.0,1650.0,30857100
2024-08-05,1630.0,1630.0,1635.0,1600.0,1620.0,18928900
2024-08-06,1645.0,1645.0,1660.0,1625.0,1650.0,34238100
2024-08-07,1650.0,1650.0,1660.0,1635.0,1635.0,18663700
2024-08-08,1655.0,1655.0,1680.0,1645.0,1645.0,39547500
2024-08-09,1665.0,1665.0,1685.0,1655.0,1660.0,28726400
2024-08-12,1670.0,1670.0,1680.0,1650.0,1670.0,24929900
2024-08-13,1665.0,1665.0,1680.0,1655.0,1680.0,23657700
2024-08-14,1680.0,1680.0,1690.0,1655.0,1660.0,85483000
2024-08-15,1670.0,1670.0,1680.0,1645.0,1670.0,33440700
2024-08-16,1650.0,1650.0,1690.0,1640.0,1690.0,20882800
2024-08-19,1610.0,1610.0,1655.0,1600.0,1630.0,36968000
2024-08-20,1700.0,1700.0,1720.0,1620.0,1625.0,48149200
2024-08-21,1730.0,1730.0,1750.0,1710.0,1745.0,27468300
2024-08-22,1725.0,1725.0,1750.0,1705.0,1710.0,39387100
2024-08-23,1720.0,1720.0,1750.0,1705.0,1750.0,14712400
2024-08-26,1730.0,1730.0,1750.0,1705.0,1705.0,36332700
2024-08-27,1740.0,1740.0,1765.0,1715.0,1730.0,41882400
2024-08-28,1725.0,1725.0,1795.0,1725.0,1770.0,29151100
2024-08-29,1700.0,1700.0,1750.0,1695.0,1750.0,18397600
2024-08-30,1650.0,1650.0,1700.0,1635.0,1700.0,76268200
2024-09-02,1680.0,1680.0,1695.0,1650.0,1650.0,19751100
2024-09-03,1680.0,1680.0,1705.0,1645.0,1680.0,27745900
2024-09-04,1730.0,1730.0,1740.0,1680.0,1695.0,18218900
2024-09-05,1690.0,1690.0,1760.0,1690.0,1730.0,29701400
2024-09-06,1710.0,1710.0,1790.0,1690.0,1690.0,38817500
2024-09-09,1740.0,1740.0,1755.0,1710.0,1710.0,32323400
2024-09-10,1740.0,1740.0,1785.0,1730.0,1775.0,37848800
2024-09-11,1720.0,1720.0,1750.0,1705.0,1735.0,12867500
2024-09-12,1740.0,1740.0,1755.0,1710.0,1710.0,22782500
2024-09-13,1705.0,1705.0,1735.0,1700.0,1735.0,26363700
2024-09-17,1705.0,1705.0,1730.0,1705.0,1710.0,11301100
2024-09-18,1750.0,1750.0,1750.0,1705.0,1705.0,17766800
2024-09-19,1730.0,1730.0,1765.0,1725.0,1765.0,36027300
2024-09-20,1720.0,1720.0,1750.0,1700.0,1730.0,53855900
2024-09-23,1735.0,1735.0,1765.0,1725.0,1745.0,26807400
2024-09-24,1745.0,1745.0,1755.0,1705.0,1730.0,50069500
2024-09-25,1740.0,1740.0,1760.0,1715.0,1760.0,43953100
2024-09-26,1740.0,1740.0,1755.0,1730.0,1755.0,43183000
2024-09-27,1735.0,1735.0,1750.0,1720.0,1750.0,26166200
2024-09-30,1725.0,1725.0,1750.0,1715.0,1750.0,32208200
2024-10-01,1740.0,1740.0,1750.0,1715.0,1725.0,17776300
2024-10-02,1725.0,1725.0,1730.0,1710.0,1720.0,34292400
2024-10-03,1740.0,1740.0,1745.0,1720.0,1725.0,29339700
2024-10-04,1740.0,1740.0,1745.0,1725.0,1740.0,23888900
2024-10-07,1730.0,1730.0,1745.0,1720.0,1730.0,15628300
2024-10-08,1700.0,1700.0,1730.0,1675.0,1730.0,29450900
2024-10-09,1670.0,1670.0,1695.0,1655.0,1695.0,22130300
2024-10-10,1650.0,1650.0,1675.0,1620.0,1665.0,20146400
2024-10-11,1720.0,1720.0,1720.0,1655.0,1680.0,21201000
2024-10-14,1715.0,1715.0,1740.0,1695.0,1720.0,14663800
2024-10-15,1750.0,1750.0,1755.0,1715.0,1715.0,40200700
2024-10-16,1730.0,1730.0,1770.0,1725.0,1770.0,23659600
2024-10-17,1690.0,1690.0,1735.0,1690.0,1730.0,30025500
2024-10-18,1715.0,1715.0,1715.0,1680.0,1700.0,26148500
2024-10-21,1660.0,1660.0,1720.0,1660.0,1715.0,28486500
2024-10-22,1680.0,1680.0,1710.0,1660.0,1670.0,39527600
2024-10-23,1675.0,1675.0,1690.0,1660.0,1680.0,17965800
2024-10-24,1645.0,1645.0,1675.0,1640.0,1675.0,14515800
2024-10-25,1620.0,1620.0,1655.0,1620.0,1655.0,24172100
2024-10-28,1630.0,1630.0,1640.0,1610.0,1625.0,21951600
2024-10-29,1615.0,1615.0,1645.0,1600.0,1640.0,24616400
2024-10-30,1605.0,1605.0,1615.0,1575.0,1615.0,35374700
2024-10-31,1615.0,1615.0,1630.0,1590.0,1605.0,32896000
2024-11-01,1570.0,1570.0,1615.0,1560.0,1610.0,47179900
2024-11-04,1590.0,1590.0,1610.0,1575.0,1580.0,30367700
2024-11-05,1600.0,1600.0,1620.0,1590.0,1605.0,27950900
2024-11-06,1590.0,1590.0,1615.0,1585.0,1615.0,35557100
2024-11-07,1570.0,1570.0,1605.0,1570.0,1590.0,31997100
2024-11-08,1540.0,1540.0,1575.0,1530.0,1570.0,32730500
2024-11-11,1510.0,1510.0,1545.0,1485.0,1540.0,47392200
2024-11-12,1500.0,1500.0,1520.0,1490.0,1500.0,34349300
2024-11-13,1500.0,1500.0,1515.0,1480.0,1500.0,21328400
2024-11-14,1450.0,1450.0,1490.0,1450.0,1485.0,45388000
2024-11-15,1420.0,1420.0,1455.0,1420.0,1435.0,42311800
2024-11-18,1435.0,1435.0,1435.0,1415.0,1415.0,32904100
2024-11-19,1425.0,1425.0,1455.0,1425.0,1435.0,30992400
2024-11-20,1465.0,1465.0,1480.0,1430.0,1430.0,29233300
2024-11-21,1450.0,1450.0,1530.0,1445.0,1475.0,45074800
2024-11-22,1470.0,1470.0,1490.0,1450.0,1455.0,21926100
2024-11-25,1500.0,1500.0,1525.0,1485.0,1500.0,260635400
2024-11-26,1480.0,1480.0,1540.0,1480.0,1520.0,27441400
2024-11-28,1495.0,1495.0,1520.0,1485.0,1500.0,31493700
2024-11-29,1500.0,1500.0,1530.0,1500.0,1500.0,26937300
2024-12-02,1475.0,1475.0,1505.0,1475.0,1495.0,23689200
2024-12-03,1480.0,1480.0,1490.0,1455.0,1475.0,27013500
2024-12-04,1485.0,1485.0,1500.0,1475.0,1485.0,39806500
2024-12-05,1505.0,1505.0,1505.0,1475.0,1485.0,27924000
2024-12-06,1465.0,1465.0,1505.0,1465.0,1505.0,31354700
2024-12-09,1485.0,1485.0,1510.0,1475.0,1480.0,36920200
2024-12-10,1505.0,1505.0,1505.0,1470.0,1490.0,30932300
2024-12-11,1505.0,1505.0,1525.0,1495.0,1505.0,27058500
2024-12-12,1455.0,1455.0,1520.0,1430.0,1505.0,47343600
2024-12-13,1445.0,1445.0,1465.0,1430.0,1460.0,30597900
2024-12-16,1440.0,1440.0,1450.0,1420.0,1445.0,38742700
2024-12-17,1400.0,1400.0,1445.0,1380.0,1440.0,20721100
2024-12-18,1380.0,1380.0,1430.0,1355.0,1420.0,32062400
2024-12-19,1320.0,1320.0,1375.0,1290.0,1375.0,53629000
2024-12-20,1275.0,1275.0,1325.0,1245.0,1310.0,116319600
2024-12-23,1330.0,1330.0,1330.0,1265.0,1280.0,44241100
2024-12-24,1395.0,1395.0,1405.0,1305.0,1330.0,13829700
